file_idx,event_id,fprompt,integral,tpc,det,n_valid
0,39,0.6213834881782532,55.785518646240234,0,15,1
0,120,0.674601674079895,39.315513610839844,1,5,1
0,339,0.442898690700531,82.76201629638672,3,5,1
0,345,0.39401891827583313,314.0634765625,4,15,1
0,375,0.43015196919441223,86.50867462158203,1,7,1
0,376,0.317667692899704,195.50262451171875,4,4,1
0,378,0.37026453018188477,90.9190673828125,6,14,1
0,442,0.3560856282711029,466.5431213378906,0,3,2
0,469,0.37868061661720276,206.75965881347656,7,6,1
0,478,0.35162806510925293,142.82884216308594,0,9,1
0,479,0.34498026967048645,202.50962829589844,3,15,1
0,613,0.8590809106826782,44.12067413330078,3,11,1
0,739,1.0,16.823335647583008,6,13,1
0,883,0.7888748049736023,263.08673095703125,7,4,1
0,961,0.4120074212551117,216.427490234375,6,14,2
0,980,0.6586097478866577,211.3515167236328,5,1,2
0,1157,0.5299138426780701,61.88389587402344,5,14,1
0,1172,0.19496546685695648,164.5779571533203,7,14,1
0,1221,0.4535375237464905,232.54763793945312,7,14,2
0,1320,0.7759995460510254,170.2573699951172,7,10,1
0,1396,0.3145532011985779,211.1278839111328,4,9,2
0,1589,0.6115393042564392,71.53981018066406,6,15,1
1,192,0.61688232421875,52.19655990600586,5,5,1
1,322,0.6632662415504456,52.63521194458008,4,14,1
1,599,0.6031824946403503,56.83076477050781,2,1,1
1,613,0.42990314960479736,64.22325134277344,0,6,1
1,687,0.23033228516578674,153.5191192626953,6,4,1
1,892,0.29136747121810913,91.75452423095703,5,11,1
1,899,0.3295813798904419,102.33488464355469,2,12,1
1,915,0.4733757972717285,102.63780975341797,0,9,1
1,946,0.31869933009147644,89.6483154296875,1,7,1
1,948,0.5826521515846252,124.74842834472656,2,3,1
1,1017,0.37311944365501404,108.44820404052734,7,3,1
1,1319,0.41808992624282837,118.96448516845703,6,12,1
1,1343,0.5342856645584106,82.00093841552734,4,15,1
1,1358,0.5636763572692871,99.32443237304688,6,6,1
1,1603,0.4938634932041168,54.66105270385742,6,2,1
2,122,0.3686826527118683,141.9989776611328,7,8,1
2,161,0.6335376501083374,75.58193969726562,4,15,2
2,292,0.6325604319572449,42.14796447753906,7,0,1
2,294,0.2678450644016266,152.77407836914062,4,6,1
2,493,0.7308392524719238,39.65106201171875,0,2,1
2,662,0.42461860179901123,90.04862976074219,5,15,1
2,810,0.4103855490684509,64.62982940673828,1,13,1
2,838,0.40353643894195557,84.96798706054688,6,14,1
2,912,0.6257755160331726,63.17451477050781,3,12,1
2,996,0.46272510290145874,109.84548950195312,3,5,1
2,1084,0.3255603015422821,209.2054901123047,6,6,1
2,1155,0.7677783966064453,38.60150909423828,7,0,1
2,1267,0.6684515476226807,43.910911560058594,7,0,1
2,1402,0.40892013907432556,203.13479614257812,1,5,1
2,1425,0.3081977069377899,380.09527587890625,6,11,1
2,1473,0.7652714848518372,61.420772552490234,5,11,1
2,1487,0.3894859850406647,81.20283508300781,4,13,1
3,17,0.31615129113197327,103.4452896118164,6,3,2
3,53,0.5274630784988403,129.8466033935547,4,14,1
3,79,0.519123375415802,109.20649719238281,7,0,1
3,122,0.6606348752975464,55.67730712890625,0,2,1
3,211,0.23348453640937805,311.2803955078125,0,10,1
3,280,0.7366699576377869,34.097877502441406,2,15,1
3,481,0.32501691579818726,90.96255493164062,0,13,1
3,531,0.29455122351646423,90.853759765625,7,7,1
3,573,0.43918952345848083,60.035850524902344,0,5,1
3,598,0.2387923300266266,180.13548278808594,0,14,1
3,741,0.29064667224884033,174.07215881347656,6,6,1
3,771,0.2742511034011841,258.1435546875,7,7,1
3,1015,0.454132616519928,223.18800354003906,2,4,1
3,1053,0.6415695548057556,44.520423889160156,6,13,1
3,1231,0.4041447043418884,263.85211181640625,2,15,1
3,1300,1.0971490144729614,26.18703842163086,0,14,1
3,1313,0.5138656497001648,105.93656921386719,0,9,1
3,1355,0.3554515838623047,267.3750915527344,4,10,1
3,1356,0.5273858308792114,54.02401351928711,7,0,1
3,1390,0.4492565989494324,104.31059265136719,6,2,1
3,1502,0.21789081394672394,178.64651489257812,0,2,1
3,1511,0.3899063169956207,539.2804565429688,6,6,1
3,1525,0.3837376832962036,153.28826904296875,4,11,2
3,1563,0.3374435305595398,200.87680053710938,1,3,1
4,129,0.5378021597862244,74.46219635009766,7,5,1
4,135,0.5093588829040527,92.38839721679688,3,10,1
4,141,0.46264490485191345,74.64683532714844,5,6,1
4,291,0.41120830178260803,98.53810119628906,7,12,2
4,328,0.45081090927124023,88.9048843383789,4,10,1
4,347,0.5529603958129883,66.9761734008789,5,15,1
4,395,0.40726253390312195,206.04470825195312,6,14,2
4,434,0.6154510378837585,62.14703369140625,0,3,1
4,451,0.4355798363685608,107.708740234375,3,14,1
4,615,0.34472304582595825,77.62486267089844,7,2,1
4,657,0.571671724319458,58.65497589111328,4,5,1
4,702,0.30918923020362854,85.80255889892578,6,2,1
4,709,0.6094574332237244,51.48906707763672,7,2,1
4,951,0.42075008153915405,158.94271850585938,4,11,1
4,1124,0.4116632044315338,211.46067810058594,1,11,1
4,1309,0.8064876794815063,30.966655731201172,7,1,1
4,1364,0.2432769238948822,125.88745880126953,7,13,2
4,1529,0.7303272485733032,50.99956130981445,2,5,1
5,246,0.25746944546699524,213.42910766601562,5,11,1
5,389,0.7926669716835022,34.40679931640625,7,0,1
5,479,0.6743183732032776,160.47825622558594,4,7,1
5,621,0.4686952233314514,233.09120178222656,4,14,1
5,642,0.5900322794914246,72.17211151123047,4,15,1
5,746,0.5108169913291931,68.17423248291016,2,14,1
5,860,0.23217254877090454,214.65496826171875,7,1,2
5,884,0.3227311670780182,139.30209350585938,7,11,1
5,919,0.6687037348747253,53.84027862548828,5,15,1
5,933,0.847335934638977,42.1956672668457,0,15,1
5,1021,0.7174760103225708,76.61062622070312,2,0,1
5,1074,0.4233744442462921,149.7521209716797,7,13,1
5,1127,0.8061248660087585,30.68684196472168,7,6,1
5,1140,0.3030363917350769,203.86485290527344,7,9,1
5,1368,0.34770870208740234,84.17320251464844,7,3,1
5,1373,0.37738627195358276,727.3418579101562,5,9,1
5,1476,0.19168570637702942,148.50112915039062,5,4,2
5,1484,0.6011596918106079,97.80369567871094,6,14,1
5,1551,0.5172063708305359,52.213226318359375,5,4,1
6,54,0.4513842463493347,102.54818725585938,3,14,1
6,234,0.31706729531288147,170.09225463867188,7,11,1
6,237,0.5347173810005188,75.03573608398438,5,15,1
6,240,0.6436163187026978,39.46912384033203,6,4,1
6,344,0.29109126329421997,136.1703643798828,6,14,1
6,417,0.3985089659690857,100.26789855957031,5,4,1
6,496,0.39549487829208374,129.710693359375,7,6,1
6,548,0.495510995388031,93.12361907958984,6,13,1
6,585,0.37197649478912354,116.14401245117188,6,2,1
6,682,0.48496800661087036,67.17947387695312,4,13,1
6,1082,0.8440876007080078,33.85847473144531,6,14,1
6,1188,0.4408387243747711,207.04257202148438,0,3,2
6,1272,0.4723970592021942,65.3014144897461,2,2,1
6,1414,0.23186655342578888,197.71421813964844,5,10,1
6,1534,0.4790411591529846,52.492919921875,1,10,1
7,103,0.42662206292152405,343.1579895019531,5,15,1
7,119,0.8792974352836609,37.138336181640625,0,6,1
7,564,0.6479872465133667,242.2731170654297,2,6,1
7,576,0.28689610958099365,148.76548767089844,4,3,1
7,841,0.1641286313533783,198.9968719482422,5,11,3
7,1188,0.26433467864990234,119.7945327758789,6,2,1
7,1360,0.6425457000732422,74.60945129394531,4,14,1
7,1501,0.42569324374198914,61.34067916870117,7,12,1
8,60,0.44493043422698975,120.57258605957031,5,14,2
8,127,0.4030083119869232,220.17100524902344,7,6,2
8,210,0.44782140851020813,122.41355895996094,0,3,1
8,220,0.2985670566558838,248.6451416015625,4,5,1
8,385,0.32565414905548096,315.9263916015625,6,13,1
8,466,0.8915523886680603,41.194149017333984,7,15,1
8,522,0.44143226742744446,69.07478332519531,6,2,1
8,536,0.3389645516872406,168.095947265625,6,9,1
8,734,0.677076518535614,48.2076416015625,1,11,1
8,763,0.5756018757820129,60.27353286743164,0,11,1
8,939,0.31961554288864136,169.04190063476562,5,6,1
8,1041,0.3015863597393036,156.30758666992188,7,3,2
9,2,0.501313328742981,74.76705169677734,7,8,1
9,58,0.4702969789505005,67.84375,2,5,1
9,173,0.31206807494163513,93.77009582519531,7,14,1
9,193,0.35775595903396606,261.7965087890625,4,11,2
9,249,0.6641054749488831,54.12297821044922,7,13,1
9,318,0.3238343596458435,132.1418914794922,6,15,4
9,489,0.4638615548610687,87.31819152832031,7,2,1
9,559,0.38910725712776184,91.65663146972656,6,0,2
9,567,0.6166768670082092,54.51316452026367,4,3,1
9,1138,0.445107638835907,83.81727600097656,7,11,1
9,1243,0.3504539728164673,82.22422790527344,0,13,1
9,1292,0.3922044634819031,69.27714538574219,5,10,1
9,1319,0.4501346945762634,182.23641967773438,4,6,1
9,1340,0.33404359221458435,284.6319885253906,1,14,1
9,1367,0.529014527797699,57.67365264892578,6,14,1
9,1539,0.4844615161418915,351.8857727050781,6,2,1
10,249,0.608646035194397,48.47621536254883,3,13,1
10,386,0.42520397901535034,66.13450622558594,1,10,1
10,1046,0.5401240587234497,83.81026458740234,3,6,1
10,1098,0.6808232665061951,45.3212890625,6,0,1
10,1102,0.39093440771102905,152.00863647460938,4,9,1
10,1360,0.3803350627422333,99.45096588134766,2,8,1
10,1429,0.6181822419166565,51.03398895263672,5,1,1
11,71,0.22824253141880035,136.27606201171875,0,9,1
11,103,0.37939974665641785,214.15625,6,6,1
11,173,0.7447481751441956,43.29219055175781,7,2,1
11,190,0.8170304894447327,69.40265655517578,2,11,1
11,413,0.5434852838516235,100.9808349609375,7,2,1
11,507,1.0,18.80728530883789,3,14,2
11,515,0.5131078362464905,79.35804748535156,0,3,1
11,524,0.5328598618507385,60.43264389038086,6,2,1
11,631,0.32475852966308594,114.68900299072266,4,7,1
11,646,0.3465781807899475,97.48104858398438,6,6,1
11,895,0.45759066939353943,110.7574234008789,6,15,1
11,1200,0.38821032643318176,178.38812255859375,2,5,1
11,1320,0.49050581455230713,120.66873168945312,4,15,1
11,1381,0.45798608660697937,114.96851348876953,0,14,1
11,1428,0.3381271958351135,111.09674072265625,2,10,1
11,1558,0.46588119864463806,86.52991485595703,0,14,1
11,1581,0.3510408401489258,91.07440948486328,1,2,1
11,1595,0.32629433274269104,4170.1962890625,6,5,21
12,128,0.3623267114162445,154.2128448486328,6,11,1
12,260,0.31156307458877563,135.57693481445312,2,7,1
12,405,0.44522032141685486,72.28488159179688,5,6,1
12,425,0.7753891944885254,42.74121856689453,0,3,1
12,719,0.48619160056114197,83.77615356445312,0,14,2
12,754,0.19996365904808044,138.47811889648438,0,3,1
12,1099,0.27444565296173096,153.27012634277344,3,8,1
12,1121,0.5052030086517334,96.6440200805664,7,3,1
12,1146,0.47361835837364197,92.76394653320312,7,6,1
12,1284,0.4026641249656677,161.09097290039062,0,5,1
12,1534,0.41208207607269287,76.53169250488281,7,1,1
12,1556,0.25778698921203613,132.56845092773438,5,11,1
13,39,0.41537678241729736,120.33035278320312,0,3,1
13,266,0.31296247243881226,82.33265686035156,5,2,1
13,319,0.4443158209323883,77.72553253173828,7,10,1
13,323,0.34090083837509155,98.04240417480469,5,14,1
13,361,0.4167240560054779,104.80740356445312,5,3,2
13,418,0.4683245122432709,89.05743408203125,7,14,1
13,464,0.5248190760612488,60.67864227294922,3,7,1
13,520,0.6343543529510498,51.900691986083984,2,5,1
13,531,0.6032284498214722,50.66835403442383,1,5,1
13,535,0.32201677560806274,267.9309387207031,2,5,1
13,700,0.47011038661003113,107.60467529296875,6,13,1
13,779,0.8469835519790649,41.002864837646484,3,13,1
13,962,0.4913887083530426,60.663429260253906,5,6,1
13,1050,0.20381632447242737,156.96432495117188,7,3,1
13,1330,0.31121256947517395,98.4211196899414,6,9,1
14,25,0.3274553418159485,98.42610168457031,4,4,1
14,154,0.5545589923858643,67.49907684326172,1,10,1
14,318,0.29390349984169006,303.9353332519531,5,15,1
14,323,0.5390019416809082,72.15068054199219,1,2,1
14,378,0.47774800658226013,53.414276123046875,7,8,1
14,654,0.3960345387458801,122.13394165039062,0,5,1
14,704,0.27556079626083374,147.54092407226562,7,1,1
14,774,0.8033490180969238,39.60221481323242,7,0,1
14,804,0.29831865429878235,165.87539672851562,4,15,1
14,819,0.32081010937690735,116.59963989257812,6,9,1
14,852,0.5068560838699341,70.96245574951172,3,14,1
14,1122,0.31845083832740784,82.30810546875,0,2,1
14,1256,0.53714519739151,62.0341911315918,6,13,1
14,1380,0.44029638171195984,59.881011962890625,5,11,1
14,1566,0.5721478462219238,46.06108856201172,7,7,1
15,78,0.5380924940109253,180.55345153808594,7,6,2
15,454,0.5580061078071594,60.38935470581055,5,10,1
15,516,0.5540903806686401,111.83334350585938,3,4,1
15,522,0.33459681272506714,159.876953125,4,9,2
15,602,0.42266103625297546,98.8653793334961,5,3,1
15,643,0.28182804584503174,104.06461334228516,4,10,1
15,853,0.44647833704948425,66.49523162841797,5,15,1
15,907,0.48884308338165283,156.618896484375,1,7,2
15,1000,0.44327816367149353,457.5461730957031,0,15,1
15,1011,0.3715968132019043,100.583251953125,2,2,1
15,1081,0.33864134550094604,131.9102020263672,3,10,1
15,1232,0.6505420207977295,40.68931198120117,5,8,1
15,1257,0.34602677822113037,97.47429656982422,6,11,1
15,1392,0.3302464187145233,148.2193603515625,2,7,1
15,1457,0.584013819694519,51.485618591308594,5,4,1
15,1516,0.3528847098350525,111.84282684326172,4,6,1
15,1537,0.5207963585853577,302.9374694824219,2,14,1
16,179,0.6325492858886719,56.959564208984375,7,0,1
16,385,0.8495351076126099,28.22142219543457,2,9,1
16,610,0.3794393539428711,89.82540893554688,3,0,1
16,642,0.7910357713699341,41.643402099609375,0,15,1
16,645,0.28207871317863464,101.62047576904297,7,1,2
16,861,0.7751175165176392,59.16302490234375,7,5,1
16,867,0.7658081650733948,36.188873291015625,5,15,2
16,909,0.745884358882904,51.43132019042969,4,9,1
16,1470,0.779266893863678,77.86820220947266,0,14,1
17,33,0.6650199294090271,166.27865600585938,6,3,2
17,144,0.7841259241104126,41.917808532714844,7,14,1
17,281,0.350269079208374,116.18358612060547,4,1,1
17,290,0.3277604579925537,113.18504333496094,4,7,1
17,395,0.3604114353656769,151.1923828125,7,2,1
17,404,0.4187569320201874,94.88922119140625,5,1,1
17,436,0.40197545289993286,193.55482482910156,7,7,1
17,506,0.24490217864513397,263.667724609375,5,7,1
17,771,0.9093847870826721,36.125465393066406,3,6,1
17,896,0.7754350900650024,44.05574417114258,7,14,1
17,1110,0.43916967511177063,129.54452514648438,3,5,1
17,1124,0.3461456298828125,90.99699401855469,3,5,1
17,1135,0.6758705377578735,79.38091278076172,7,6,1
17,1199,0.35349395871162415,214.20065307617188,7,1,2
17,1401,0.41882139444351196,128.64520263671875,7,11,2
17,1445,0.2736457884311676,146.81631469726562,2,11,1
17,1517,0.611951470375061,66.21825408935547,5,4,1
17,1566,0.3807707130908966,433.3946838378906,2,0,14
17,1597,0.3651888072490692,96.7302474975586,2,0,1
17,1601,0.5697473287582397,68.07511138916016,0,5,1
17,1625,0.4997900426387787,107.8659896850586,0,1,1
17,1638,0.30516451597213745,129.63311767578125,3,15,1
18,369,0.34075555205345154,403.96966552734375,0,5,1
18,573,0.5680879950523376,42.81056594848633,3,9,1
18,653,0.48909229040145874,53.51347732543945,5,4,1
18,703,0.3721241056919098,82.0145034790039,0,10,1
18,773,0.3649655282497406,151.77728271484375,7,8,1
18,825,0.8827120661735535,38.580406188964844,5,7,1
18,844,0.25831353664398193,146.2447509765625,0,9,1
18,932,0.28010833263397217,168.6986083984375,5,1,2
18,964,0.28970569372177124,111.0737533569336,7,9,1
18,1016,0.36462774872779846,139.25144958496094,7,4,1
18,1080,0.3412686884403229,475.35650634765625,7,11,1
18,1110,0.40908512473106384,308.78900146484375,5,10,1
18,1154,0.7935333251953125,35.691566467285156,5,4,1
18,1172,0.5207451581954956,81.22837829589844,7,0,1
18,1287,0.28367018699645996,139.51162719726562,2,11,1
18,1435,0.8361698389053345,37.52589797973633,1,2,1
18,1463,0.2787167429924011,221.50784301757812,4,7,1
18,1473,0.8427727818489075,41.10681915283203,7,4,1
18,1482,0.34458646178245544,451.427001953125,7,13,2
18,1544,0.42662203311920166,135.49014282226562,6,5,1
18,1596,0.3779926598072052,238.8845977783203,5,15,1
19,21,0.34861820936203003,127.5922622680664,4,6,2
19,86,0.5849877595901489,53.712318420410156,6,8,1
19,223,0.4066367447376251,76.54776000976562,5,7,1
19,499,0.4350243806838989,60.60528564453125,6,9,1
19,737,0.5608782172203064,64.957275390625,0,5,1
19,773,0.5910513997077942,61.19230270385742,5,8,1
19,851,0.3383040130138397,82.1309814453125,6,0,1
19,1017,0.30374616384506226,292.2237548828125,3,10,1
19,1334,0.7612594366073608,97.91826629638672,0,15,1
19,1390,0.6081861853599548,207.20462036132812,5,11,1
19,1469,0.6457337141036987,49.207305908203125,1,5,1
19,1484,0.41830936074256897,74.58141326904297,7,9,1
