file_id,light_id,n_charge_hits,charge_x,charge_y,charge_z,charge_E,charge_Q
0,206,5,-30.62696275266935,-24.48122215270996,40.13437271118164,1.6598886083186868,49.31975763658768
0,220,5,37.362837547847725,-10.419899940490724,52.078460693359375,2.026510232238314,60.21307273341413
0,221,6,-19.16124102583726,-58.519561767578125,12.808000087738037,2.3964631897471262,71.20537071644263
0,304,5,-20.444788821489308,-26.033122253417968,37.96171188354492,1.75326893557008,52.094338463869164
0,438,8,-9.247451002878705,-0.22169983386993408,0.8313746452331543,2.290577779060702,68.059230206692
0,568,43,46.73906286315323,-19.195095228594404,53.46846709140512,19.41839367231831,576.9727346828764
0,720,5,-61.92266253330929,-19.5151424407959,18.87334213256836,1.4170650715788098,42.10481687462875
0,774,6,-23.575432138993865,-2.004537502924601,3.6259249448776245,1.9586675783642735,58.19728490902527
0,877,5,25.31716179702419,9.001019859313967,49.95013961791992,1.8097876354343885,53.77366113966377
0,942,5,47.24487841238277,26.20493965148926,-5.5214599609375,1.9299424772972928,57.343784851485296
0,1004,5,-42.80354760702954,16.7217227935791,19.028532409667967,2.3380799802975067,69.47064844311008
0,1146,5,2.63476493057608,22.391700744628903,5.5214599609375,1.8631780249045287,55.360033294755276
0,1158,5,-35.30022094090439,4.616902446746826,16.390302658081055,1.3514531088265822,40.1553088866931
0,1283,5,4.630330533268939,-14.942580032348634,-12.172460174560547,1.6044970074504088,47.67392410520799
0,1335,7,-5.203685039002636,-28.959562029157365,47.66108758108957,1.845117741177471,54.82341366148439
0,1342,5,-10.262614890309262,-32.55110168457031,26.86562728881836,1.8008963338412676,53.50947664110835
0,1362,5,43.141995533246245,58.7504997253418,37.44626083374023,1.9583647939303297,58.188288368640954
0,1388,6,-34.175786242640385,-50.88938649495443,11.320762475331625,1.7061379422906555,50.69394981485773
0,1426,5,-20.527804350561333,61.49403762817383,60.231476593017575,1.750755084785049,52.01964519178396
0,1544,5,-4.777204161627134,9.039817619323731,63.18008804321289,1.5709875282638857,46.678267298043316
1,123,5,-22.887361119185368,59.24378204345703,39.20323181152344,1.8147716084245022,53.921748390041785
1,143,5,57.037517937917166,39.3295783996582,37.44626083374023,1.830866607022704,54.399974113169435
1,239,5,4.132237358836802,-50.946659088134766,-44.097259521484375,1.982470824603161,58.90454341395294
1,289,33,-9.565110287651672,11.750100135803224,-24.41029930114746,46.57223278545272,1383.786371002238
1,417,5,24.8733480069853,29.486099243164062,-52.96525955200195,2.3438478200731936,69.64202648522563
1,508,8,-10.153437786501268,29.596949577331543,-11.884250164031982,3.370252040702618,100.13925813373322
1,520,5,30.301286446309877,-8.912339973449708,-63.606859588623045,1.8616647058741855,55.315068513727596
1,646,5,15.629888135311978,-37.64466094970703,-62.36534118652344,2.0863476246454544,61.9910026959041
1,669,5,-60.983948473802556,57.92466735839844,16.07992305755615,1.2953666352678284,38.48882881764166
1,737,6,-15.071661917385361,-4.720362424850464,57.42512448628744,2.6262978407978808,78.03437672895728
1,1000,5,-39.55955616329202,5.392852401733398,48.669822692871094,1.3643940200859304,40.539818186720225
1,1027,7,21.567322981084082,-47.41212844848633,18.456070763724192,1.7427950466994855,51.7831310382495
1,1058,5,-6.424743123210358,8.031082344055175,31.986896514892578,2.094747527540162,62.2405864166801
1,1177,9,34.71536822167569,-37.17169952392578,-18.25196631749471,3.5597690740293007,105.77031922110622
1,1352,5,-63.174281279318244,61.41644287109375,27.020816802978516,2.0186915262738427,59.980757937549605
1,1505,5,-5.818091179991728,45.89744186401367,57.59324722290039,1.3619075020261442,40.46593704345974
1,1567,5,17.23591933235919,39.50693893432617,20.951779937744142,1.8947236832019283,56.297339698279714
2,50,5,58.67547818460746,-19.819980239868162,63.16345977783203,1.3472594425133617,40.03070377455472
2,298,6,-29.947938296926395,15.131024837493896,9.05757474899292,1.7842379438316223,53.014511042950744
2,461,9,1.815984686363787,-15.515920639038086,56.442871517605255,3.341228966531261,99.27690449335856
2,990,5,-55.13773948415356,-61.261253356933594,48.35944290161133,2.040128475512279,60.61770739042788
2,1098,5,19.01436739747907,48.81834030151367,-45.16141967773437,2.2491390031064977,66.82797265327802
2,1337,5,51.30625352698328,29.397419357299803,59.17285919189453,1.2520164522134776,37.20077821531364
2,1499,5,33.047184715615245,-16.804860305786132,4.545980167388916,2.010461708893495,59.73622791513846
2,1501,5,-20.099955085343982,-60.16938018798828,-8.979980087280273,1.978758159982322,58.79423015656444
2,1505,5,48.10376984778178,58.39577941894531,40.904780578613284,1.7542916637471568,52.124726470370774
3,51,60,-36.82217230722482,-49.78643010457357,-53.57863006591797,28.172287178484282,837.0744691829507
3,308,6,26.060576502880707,21.72659969329834,25.8882999420166,2.294306634715042,68.17002454325905
3,371,6,-50.419690248560265,52.39509963989258,-51.08820025126139,2.066261364510024,61.39418585124347
3,490,51,-22.338181465324293,11.306699752807615,-24.853700637817383,39.95071065004078,1187.0431285538166
3,559,5,25.610909053740578,25.229459762573242,6.4082599639892575,1.8156886746677179,53.94899689613155
3,596,429,-21.03317116176438,-17.740134307415612,45.47412591325097,189.47141028811308,5629.7055041166295
3,767,16,-30.343392880526697,11.306699752807615,-27.07069969177246,3.315458506269742,98.51119476566257
3,879,5,18.347050259938577,48.463619232177734,-64.05025863647461,2.137748090050327,63.51824885174339
3,904,5,-52.23219596663275,-35.034141540527344,57.90362701416016,1.9945604122665117,59.26375759886545
3,984,5,-18.098003672722506,13.307542610168458,42.850196838378906,1.9216401783239832,57.09710120588519
3,995,5,57.96026747260235,-27.00306053161621,30.263179779052734,1.7057792025533032,50.68329069182251
3,1019,5,-26.086651893422562,-27.041857147216795,7.699662590026856,1.940070287614341,57.644709351914315
3,1037,5,-64.35246321114809,9.355739974975586,-7.206380081176758,2.0017549225408664,59.47752586094451
3,1054,5,13.663058677297897,-40.74845886230469,-8.181860160827636,1.4509050924825995,43.11029496576555
3,1137,5,4.017292780121693,30.19554023742676,-28.48957977294922,1.9287748544711736,57.309091635020906
3,1270,531,32.55428060592424,2.9071508590728325,54.97149888090719,217.588995173907,6465.15462096923
3,1287,5,11.159821185279972,19.642620468139647,57.84265899658203,1.7951478586370881,53.338673972526124
3,1525,5,-16.689932583462426,-32.94461898803711,-47.73313903808594,1.9156898358268808,56.92030051676604
3,1572,5,-2.107935611465165,15.918059539794921,-18.380059432983398,1.6307558105845676,48.454143813875895
3,1585,81,-10.784792817003037,-55.69049237098223,-59.51553679101261,36.67993697263374,1089.8596403092392
3,1607,5,27.14031053164439,-15.829379653930664,-39.2198600769043,2.00534322438147,59.58414396544778
3,1610,6,-3.3616829607836656,4.267724911371867,21.47277545928955,2.544453281090877,75.6025546004162
3,1647,5,4.930463599913945,-23.278499603271484,-31.14998016357422,2.229382037819466,66.24094004475985
4,130,5,50.11529997529617,19.90866012573242,5.610139942169189,1.296756359376869,38.530121260939424
4,164,5,-30.63015565763366,-61.183658599853516,63.10249328613281,2.404603801968677,71.44725021351742
4,371,6,17.47698365716449,55.79450035095215,31.652499516805012,1.8314099007089166,54.4161168306959
4,425,5,-51.702173742557534,-56.915931701660156,55.65337219238281,1.9132399340244313,56.847507341052506
4,459,6,-32.595388663165586,11.750100135803224,-24.853700637817383,2.5177153944618818,74.80810003180973
4,483,5,-42.92487799567326,1.1251275181770324,52.627166748046875,1.6359551190208754,48.60862925986995
4,526,6,-20.07920120307597,45.005099614461265,51.605499267578125,2.061376531465176,61.2490443154442
4,568,50,-22.349356632699365,9.533100128173828,-27.07069969177246,19.127342479793956,568.3248204775489
4,716,7,20.5387514532961,-57.356956481933594,31.69472803388323,2.1108355840000614,62.71860587019612
4,881,5,-50.69960158376465,54.97605895996094,3.5095324516296387,2.0980776460967214,62.33953320099292
4,917,5,18.034145573436334,31.969139862060548,-14.123419952392577,1.837500853566455,54.59709543203346
4,1101,6,-22.928868883721382,-36.432701110839844,-56.630699157714844,2.22337197038241,66.06236476694325
4,1378,7,-25.305302435728187,-20.036137444632395,17.565312794276647,2.215531557072647,65.82940498743139
4,1542,5,42.8258979417797,18.84449958801269,6.940340137481689,2.175364936081857,64.63594658159715
4,1558,5,-48.582705592428056,-51.3013801574707,-18.912139892578125,1.8919189643847283,56.214003954176235
4,1579,6,-51.268470818238946,47.65626335144043,51.47617403666178,2.415301324590532,71.76510239972903
4,1605,5,-21.731529522105667,-40.39373931884766,-17.58194046020508,1.6332544745782893,48.528385845520695
5,39,5,-57.68567764567181,58.307099151611325,-47.99917984008789,1.550985508901042,46.083953473444566
5,242,6,-47.84940175229185,61.68802452087402,39.319623947143555,2.0115496094072016,59.7685523671528
5,277,5,-8.784299891834394,57.53669128417969,47.81627731323242,1.701076154739816,50.54355048446642
5,406,5,-25.511928999847015,53.424156951904294,7.544472599029541,1.9445367834935063,57.7774209646944
5,519,8,-0.37317076770356294,27.352237462997437,34.46300935745239,2.8641864329926507,85.10268700758445
5,613,55,-35.205153798924655,48.16180572509766,34.49110003384677,29.07263903421941,863.8263458389915
5,618,5,-18.84833633933502,-39.689842224121094,54.799827575683594,1.3247435061035033,39.36169470904891
5,630,5,-24.439112931839336,-34.72376251220703,44.55728759765625,1.7229586663383025,51.19373879415687
5,646,5,32.134013895823,-3.148140048980713,55.09358139038086,2.0732456124727032,61.60170665418585
5,675,5,19.119733261301253,48.37493896484375,62.72006072998047,2.172733707685937,64.55776570480643
5,686,212,37.61412139040343,38.092661290798546,45.62657160129187,94.61382166005924,2811.2312657365683
5,726,5,19.13569778612279,-9.267059898376464,-58.99549942016601,2.0375530363343897,60.541184161444505
5,815,6,40.39396866063133,-28.82100009918213,53.37910079956055,1.5926372527804693,47.321538877055076
5,883,5,27.919379342935684,-57.68634033203125,54.38414001464844,1.0777484560688149,32.02280706074662
5,904,7,-12.971566687884783,-46.141312735421316,16.235112735203334,2.443276172620078,72.59631042044981
5,1007,73,-18.188061088085675,11.306699752807615,-26.62730026245117,20.79872574647908,617.986115348567
5,1090,8,-9.392947400655716,-53.62368679046631,-6.020540237426758,3.4079595166329253,101.25964872178234
5,1133,5,27.91299353300706,60.790139770507814,-28.932979583740234,1.6332564067021833,48.5284432541213
5,1171,32,35.285653312004726,43.67490017414093,-61.01851236820221,15.93015167681471,473.3276774580641
5,1425,5,19.368779848517324,21.682259750366207,-4.102579879760742,1.8976502098229928,56.38429468004449
5,1554,6,-33.22598739361653,13.708449840545654,12.484687805175781,2.227630400320457,66.18889418066675
6,75,5,20.285143573273878,30.55025978088379,64.05025939941406,1.6187647954678361,48.097858484601375
6,158,6,-63.47335004430848,-47.850250879923514,13.648612340291342,2.315491519697536,68.79948448873931
6,205,5,-27.71822633018424,-43.10402297973633,16.700682067871092,1.4348379178802964,42.63289596843585
6,306,5,-8.014809795436028,-2.0839800357818605,-3.3044599533081054,1.5397242855915865,45.749352222776054
6,318,5,-15.332947973631281,-15.474660110473632,-24.58765983581543,1.2940086090773197,38.448478204808744
6,372,6,-26.29472286693,-6.281499862670898,-7.043800036112468,2.3584946273873126,70.07722254793843
6,401,5,-18.251263111009315,1.4355075359344482,12.277767562866211,1.882052141236242,55.920834084892476
6,821,5,-32.2074507100021,14.083492279052734,46.18678283691406,1.8693805324025696,55.54432648467743
6,943,6,-27.42554337512262,39.379462560017906,3.1732874711354575,2.2473373315842173,66.77444014370221
6,945,5,-54.97170842600951,16.7217227935791,61.78337860107422,1.50343051002127,44.67096647696517
6,950,5,-32.19148618518055,-35.18933258056641,35.78905258178711,1.3459211164207638,39.990938504647545
6,1074,5,25.776940111884624,7.8481800079345705,7.295060062408448,1.774315115993729,52.71967712362516
6,1084,173,36.1221942620549,-40.01492773728564,-55.54313132666439,71.68237074859668,2129.8761461576623
6,1149,5,-27.255255110359496,-17.691659927368164,-8.536579895019532,1.856410287077549,55.158945590615474
6,1283,5,37.38199497763358,-59.90333938598633,21.30649948120117,1.60069376953403,47.56091967145862
6,1402,5,-39.23387985693255,48.147697448730476,26.400057220458983,1.8723325116815994,55.63203773340842
6,1403,5,58.01135395203128,46.51266098022461,-40.106658935546875,1.9510470064970122,57.970857210406265
6,1456,5,9.282393066266533,-38.620140075683594,22.459339904785157,1.7329716460617188,51.49125136861762
6,1464,5,-21.415431930639116,7.0999424934387205,36.17702865600586,1.2778037128810495,37.966987128286654
7,4,5,-11.989976476000203,-38.17674026489258,-55.00490112304688,2.0320967840697266,60.37906422282414
7,161,5,36.992460571987934,14.055780029296875,17.22722053527832,1.4578977086654648,43.318064411050145
7,206,5,24.20603086944481,-40.74845886230469,30.795260620117187,1.9308610727622983,57.37107879486986
7,234,5,-23.57383568651171,58.23504638671875,51.38564758300781,1.7567886515852973,52.19891869892238
7,436,6,-22.46057615562279,-32.58989906311035,56.196537017822266,1.8928874270436755,56.24277958609515
7,563,5,14.499599777946742,-58.57313919067383,10.310180282592773,1.7948416211747913,53.32957483337666
7,605,5,-4.0109069701930755,57.76947784423828,58.21400833129883,2.0312253979706334,60.353172996750416
7,918,5,-14.407005533981794,2.2114574909210205,17.243848037719726,2.0350023577820973,60.465396637283284
7,989,5,-4.643102153126174,45.093780517578125,-3.8365398406982423,1.671332018234419,49.659772141628295
7,995,6,-3.0876252846805126,24.442424774169922,29.62024974822998,1.6397416152717759,48.72113625368288
7,1118,5,-2.8646540880062967,-8.108677291870118,53.480712890625,1.881224161942404,55.89623259181905
7,1124,5,22.635121627004985,-45.18246078491211,-7.472420024871826,2.3462150119100453,69.71236212527263
7,1141,5,-54.02660855657418,-52.33782730102539,16.700682067871092,2.0816818778525343,61.85237080225337
7,1157,5,-18.44922321879645,-48.53567123413086,23.76182746887207,1.4357812713707803,42.66092553938604
7,1160,5,63.59574473460698,-53.784420013427734,3.9252198219299315,1.5044810163508053,44.70217984713276
7,1162,5,-44.843813879222715,58.484458923339844,-51.72373962402344,2.0079355603472755,59.66116924347268
7,1213,15,-6.054366147350564,10.419899940490724,-26.183900833129883,3.751661051320333,111.4719462850967
7,1307,6,-21.51334768287791,-53.66987609863281,42.8760617574056,2.0198078152401147,60.013925886888494
7,1474,5,-48.020754318709756,17.808052825927735,46.885136413574216,1.3816981525775731,41.053970531836754
7,1501,5,-55.757163047229426,8.263867378234863,22.20992774963379,1.5048662539978959,44.713626294377335
7,1526,5,10.34243751441698,-12.725580024719239,4.634660148620606,1.9285198108814283,57.30151360359763
7,1563,5,-61.34474673476943,-38.13794326782226,40.44475173950195,2.299778920274259,68.33262087420933
8,115,228,7.323306111426989,-37.160274718937124,42.88019519939757,104.48975559560542,3104.671841022794
8,193,5,-52.848426624744306,45.58706283569336,44.324502563476564,1.698713292615173,50.47334349182122
8,298,5,-9.949710203807022,-42.94883346557617,52.937548065185545,1.3778329407113257,40.9391246852528
8,357,5,-29.324257527231453,36.27566223144531,7.156497573852539,2.152786129261687,63.96506946700444
8,554,6,2.3825254383957026,19.140100479125977,48.05830001831055,2.1356063019078855,63.45461056206253
8,564,5,-9.192991727265891,22.54134750366211,62.947303771972656,1.941592244362183,57.68993078277467
8,731,453,-17.61752410599622,2.279521413196791,-8.272666540103769,217.8662293668679,6473.391994933292
8,775,6,-64.66004638937649,-60.394774754842125,21.92541249593099,2.1245990577710616,63.127555716120334
8,876,5,36.874323088308515,60.435420989990234,-29.465060424804687,1.8754361581989798,55.72425542395687
8,925,5,-37.800265527958004,30.37290000915528,-11.196979904174805,1.784199467720405,53.01336781413976
8,997,5,-46.07627519544583,-48.72966003417969,-18.912139892578125,1.6459926516651975,48.9068713676875
8,1024,5,-4.745275111984047,-39.76743698120117,29.659047317504882,1.4048688907114735,41.742435518762775
8,1310,5,-40.006562858295226,29.292112350463867,56.73970184326172,1.7976837647632227,53.414022568150735
8,1392,5,-40.718580665336034,-57.597660064697266,-46.935020446777344,1.680988065365833,49.94667928820556
8,1480,5,5.642481406954756,-27.180420303344725,38.067020416259766,1.7433841724129864,51.800635548649595
8,1568,5,-32.94820466172168,5.631180000305176,-25.38577995300293,1.7280959330671166,51.346380814054974
8,1615,5,-49.712993949793294,39.41825866699219,-40.284019470214844,1.6332315033849505,48.52770330954663
8,1644,5,-46.32532178266189,-4.47834005355835,-57.13322067260742,1.6473455357504307,48.94706919473428
8,1648,5,-46.79467881241525,8.03108253479004,15.691947555541992,2.078349619940578,61.7533604519343
8,1662,6,-42.543858003265775,61.30005073547363,9.380887349446615,2.172344183469029,64.54619189203657
9,61,5,-37.28301492374001,24.48122215270996,4.052697563171387,1.7140839863868447,50.930048169307334
9,155,6,-30.868559228302033,-20.562674522399902,26.96908696492513,2.0088628804712187,59.68872241995405
9,237,7,-6.209450102759837,-28.409270967755997,-44.42664337158203,1.8679456575271398,55.501692490600746
9,415,5,-10.735164825026933,48.286258697509766,-45.78218078613281,2.1561104004185956,64.06384250933715
9,465,5,38.95290422007339,7.050060176849366,47.73313903808594,1.8180482541193252,54.019106351726535
9,591,5,31.1282488320658,-50.946659088134766,-10.842259979248047,1.1007290964549101,32.70562373199532
9,806,6,-23.62864722173234,-1.681225021680196,27.87436294555664,2.4140860391834797,71.72899299971584
9,851,5,-13.474677284403688,-8.186272239685058,57.981222534179686,1.9657151616820687,58.406687575815916
9,930,5,-57.24505676059722,16.627500152587892,-17.49326057434082,1.3383308152293691,39.7654102292728
9,991,5,64.16727472321821,59.814659118652344,-44.00857925415039,2.748466576530512,81.6643386474289
9,1007,5,-31.469889663246818,52.72580337524414,59.765907287597656,1.8028752188266843,53.56827463958988
9,1102,202,29.730309683806322,45.005099957532224,-23.297409897983663,90.13447161109531,2678.1377209786997
9,1233,5,-12.686029758219473,21.998182678222655,3.5095324516296387,1.343299431500268,39.913041190195024
9,1266,5,-59.57587738454248,36.27566223144531,9.01877727508545,1.610106733032581,47.840604149118136
9,1323,5,-57.931531327923565,2.366647481918335,24.149802017211915,2.1458652890129963,63.75943267788719
9,1377,5,50.27175231854729,15.031260108947754,-10.310180282592773,1.740431463184352,51.712902611151435
9,1382,6,-25.501818134126705,-45.975037256876625,60.59358787536621,1.7546762157592914,52.136152545555625
9,1434,6,-26.24416853832845,-35.54589970906576,-56.113399505615234,2.001210357438437,59.461345366220606
9,1491,7,-42.3788912467765,57.50343649727957,24.936837605067662,2.3399766611471478,69.52700393549038
9,1559,5,-29.28913557262406,1.2027225255966187,30.900567245483398,1.9808008912366006,58.85492519951661
10,193,68,-17.44364597297832,11.306699752807615,-25.74049949645996,68.57914132596174,2037.6708486165767
10,260,5,-4.20248126805159,45.093780517578125,-51.63505935668945,2.256218780078438,67.03833188017268
10,313,6,-26.04727273219608,4.877400159835815,-19.532899856567383,1.5754625329614766,46.81123173071772
10,410,6,-41.97179586382716,54.63981246948242,59.88229942321777,1.8626642715293893,55.34476829936952
10,450,66,-17.46319611300043,10.863300323486328,-24.853700637817383,16.466178250382036,489.254469510628
10,585,5,-63.97250752039539,43.40885925292969,-24.498979568481445,1.943449309025386,57.74510917164102
10,597,6,-28.133303975544354,-51.21269989013672,52.96341323852539,1.812942873001044,53.86741173912775
10,663,5,-7.02500925650037,23.162107849121092,11.036247444152831,2.1163741040216753,62.883170205274034
10,710,5,56.03175287415996,-18.84449996948242,62.808740234375,1.9169525589778118,56.957819419814065
10,747,5,-26.463414679210974,-57.06557846069336,-28.844299697875975,1.7407543952779816,51.722497792726294
10,769,5,-10.358402039238522,0.969937515258789,36.64259719848632,1.8057722600038963,53.654353529466746
10,795,5,64.58554527354264,29.574779510498047,8.713940048217774,1.392174420444029,41.36524864382578
10,856,161,-31.80401317930667,24.449826412319396,-3.1512249256513134,73.46281278544006,2182.7778705884684
10,1157,5,7.366650087681387,19.02186012268066,51.19166030883789,1.9672397567239033,58.451987397490925
10,1168,5,-64.33011287639795,45.27668380737305,11.812197303771972,1.668211922171143,49.56706569080236
10,1182,7,-44.985670085494135,34.66833768572126,46.33088738577707,2.4395890382888323,72.48675573667211
10,1303,5,-29.027317365550754,15.208620262145995,-62.5427001953125,1.9093889720348547,56.73308489665365
10,1335,5,-49.792816573901014,4.47834005355835,-57.66529846191406,2.255808926394194,67.02615402421772
10,1375,5,-29.55095377969736,19.5151424407959,36.48740844726562,1.702188895841273,50.57661301719368
10,1485,6,-7.895608010101841,-27.546225547790527,19.080262502034504,1.9678279985413754,58.46946564496129
10,1503,6,3.143501121555913,8.94189993540446,14.87720012664795,2.046114354413077,60.795563961736214
11,120,5,-62.85818368785169,54.66567764282227,38.582472229003905,1.8545511142915987,55.10370456374893
11,179,5,-44.48940142818446,61.10606307983399,17.39903793334961,1.3816984303728908,41.05397878588323
11,205,5,62.114236831167794,-27.00306053161621,30.35186004638672,2.236992239563145,66.46705961909923
11,220,6,2.595385769349608,43.82270050048828,-26.848999977111816,2.0686217576448853,61.46431948355772
11,318,5,-47.88345940524448,56.915931701660156,57.3604621887207,2.179715462737804,64.76521243665962
11,424,9,2.872264102895969,-37.66436682807075,-39.97856648763021,3.570023871603763,106.07501685470046
11,561,5,55.71884818765771,2.527380037307739,6.674300193786621,1.6138650923724431,47.95227511958221
11,738,5,-9.381373120160097,9.660577201843262,26.012083053588867,1.5048968748779015,44.71453612312905
11,925,5,-28.222705314544992,45.27668380737305,61.78337860107422,1.9856077214711665,58.99774906190166
11,1008,18,-6.15015329627982,12.193499565124512,-26.183900833129883,10.52299344213793,312.6664545901875
11,1086,5,16.55902347992577,-59.37126007080078,26.804660034179687,1.3813101697656174,41.04244251835624
11,1087,6,-7.626871842272537,42.80657513936361,26.581112543741863,1.699159851784819,50.48661196652909
11,1183,5,-46.44665217130562,51.8334602355957,-18.912139892578125,1.3395939948719273,39.802942695915576
11,1199,44,-24.30980028078484,10.419899940490724,-26.62730026245117,7.824536174238264,232.48802708696792
11,1284,5,47.95051040949496,-36.757860565185545,8.181860160827636,0.9387657774613627,27.89325764986997
11,1338,71,-17.7898658584205,10.419899940490724,-26.62730026245117,33.33378240632457,990.4363829907311
11,1347,10,-25.34270503673866,-20.48508014678955,36.565002250671384,3.5065653133216834,104.18949230880364
11,1427,5,-5.367891580024219,-39.45705795288086,10.260297393798828,1.8564921200448106,55.16137706830124
12,26,58,-15.89924820411132,11.750100135803224,-25.297100067138672,17.652113413231515,524.4917947813209
12,174,5,56.81401459041557,-33.21065902709961,21.217819595336913,1.4885953347080358,44.23017349406369
12,294,7,-34.725041918048234,58.611937386649,24.60428782871791,2.440486406802596,72.51341897020941
12,334,5,17.931972614578463,-16.982220077514647,21.92726058959961,2.3319520830315166,69.28857212397281
12,335,5,34.090109959431445,-36.13710021972656,9.512059783935547,1.9966605408926519,59.32615807220312
12,342,5,52.28966825599032,13.701059913635254,34.4311408996582,1.4521165846613793,43.14629165875843
12,416,5,48.375166769748,-3.8575798988342287,56.42377853393555,1.7811450607021686,52.92261316162397
12,521,5,27.510687507504183,-57.597660064697266,42.412339782714845,1.7209036024878912,51.13267731658421
12,653,6,-31.515122483574515,-53.34656206766764,35.827850341796875,1.793015988027773,53.275330359444474
12,655,7,-19.14983779382187,-13.828537396022252,3.4873624529157365,2.264618390919086,67.28790692323659
12,656,6,-37.102615793256575,1.3302000164985657,-30.39620018005371,2.1805265464066808,64.78931191524605
12,752,5,-9.889045009485162,-55.98479385375977,42.927792358398435,1.9699412792843358,58.5322569030846
12,890,5,8.66296950319067,-32.767259979248045,51.901100158691406,1.8109526161321055,53.808275851382845
12,911,5,18.64399042161927,-52.276859283447266,48.70861892700195,1.9203731092203273,57.05945317288591
12,927,6,-8.331971688557347,-26.677900314331055,-60.03010050455729,1.8654180003910001,55.42658899466852
12,1092,8,22.66425854938806,-4.122234582901001,14.902397632598877,4.445153412293051,132.07747065256845
12,1162,6,-48.181996019407336,-34.400451024373375,28.32699966430664,2.236896622159829,66.46421856872168
12,1259,5,55.59432489404968,46.423980712890625,-4.3686200141906735,1.9590419059076478,58.20840718772724
12,1544,6,-7.911572534923383,-20.885987599690754,6.471075057983398,1.7002483378829072,50.51895381783131
12,1630,6,-46.215698712220636,-26.38230037689209,40.41888682047526,1.8955528665474697,56.32197696696957
12,1668,339,-59.22739865069453,26.50263276001697,-34.59411249470219,134.94627235604463,4009.616918392189
13,13,5,31.153792071780266,-59.72597961425781,-18.557419204711913,2.0182606556384686,59.96795561141586
13,36,5,27.986430347186165,34.097460174560545,-22.902739334106446,1.8149755958972857,53.927809406828196
13,482,48,-40.70760505452123,-58.38215454419454,3.690587490797043,21.01577930023904,624.4353605641509
13,539,6,-6.921771995987726,-54.57515017191569,34.72858810424805,1.716656700493278,51.006490429084074
13,551,5,-58.97880415621678,5.187780094146729,-10.39886016845703,1.714422684267851,50.940111794853976
13,640,11,-31.12302407848784,11.34700887853449,-25.0955546985973,3.8000747850483205,112.91044860493923
13,657,5,52.61853746731409,38.53145980834961,3.6591798782348635,2.1652597493828507,64.3356942897447
13,691,5,-5.364698675059911,-47.68212890625,8.242827796936036,1.541256689810912,45.794884076130344
13,790,8,-63.879115050189355,34.03095006942749,-31.06130027770996,4.6487202164540005,138.12598824209647
13,896,5,5.865984754456358,-15.829379653930664,10.930940055847168,2.155616886398097,64.0491788796458
13,1005,298,-10.025582970708278,49.367214868532734,-34.89601131413607,136.78313351544378,4064.195006788971
13,1153,6,-23.147050722949132,58.23319943745931,-13.0296999613444,2.1007021101286227,62.417513090324405
13,1245,5,-33.532506270190154,-3.918547534942627,2.8111774921417236,1.4889613777869664,44.24104961903191
13,1657,159,-13.541728288654172,31.48035405117011,-11.551828909220186,82.36219566236892,2447.202485834133
14,30,5,59.92709693061643,48.02021865844726,43.29914093017578,1.6149981280064676,47.98594065748857
14,80,6,31.31556592330523,20.470299402872723,47.39319928487142,2.090313860725622,62.10885024375943
14,161,5,-51.526563969520566,41.72393951416016,-48.17654037475586,2.150044874517296,63.883619411298326
14,196,10,-60.902529397212696,-1.3191150665283202,40.87152442932129,3.570897227970578,106.1009666227306
14,260,10,-22.39893634590704,-35.588392639160155,0.8415775299072266,3.2209355292106236,95.70266273750043
14,335,5,-5.201860521880173,34.41338348388672,18.71815185546875,2.233879466489511,66.37457075400314
14,348,5,-11.424832297317584,-45.89744186401367,37.03057327270508,1.57327692907813,46.746291557457866
14,352,5,-31.070776542708238,-59.0109977722168,11.579412460327148,1.8652649530916274,55.42204154752407
14,355,5,28.276984698938243,-29.397419357299803,-30.35186004638672,1.6968024179737842,50.416566263689845
14,528,5,25.09046554455828,58.2184196472168,60.32569885253906,2.3881332910264708,70.9578670080726
14,619,7,-38.4470568478708,-20.09156254359654,4.983837468283517,2.199214004669937,65.34456659183618
14,649,5,-4.320618751731007,57.76947784423828,54.17906799316406,2.358322781023243,70.07211652998991
14,694,24,51.49130897720632,-40.46024978160858,5.168116490046184,10.109773698335335,300.3885839470245
14,697,5,11.012947556921777,35.072940826416016,-10.39886016845703,1.793517025143895,53.2902175205529
14,725,5,-36.57099711669921,21.50489997863769,-34.87453994750977,1.8481411651907451,54.91324772554147
14,937,5,54.37782810264812,53.07498016357422,9.423379707336426,1.6338942849853173,48.54739633456787
14,1041,9,-15.097382540708956,46.877234564887154,-5.344099998474121,4.07172676884924,120.98196011204595
14,1161,71,-18.038777534159205,11.306699752807615,-25.297100067138672,15.411517350158979,457.9176558671669
14,1173,401,43.887886510089366,32.53793038870034,-38.113682135679475,211.21836888998064,6275.866169478031
14,1183,5,-51.75006731702216,13.695517349243165,30.97816276550293,1.9568282913171646,58.14263474097609
14,1213,6,-42.184656194781056,-34.6591002146403,21.99007511138916,2.3478743529006634,69.7616656117136
14,1454,5,-15.301018923988195,-56.7607421875,17.088657760620116,1.830087632544425,54.37682868504777
15,106,5,-10.007182493164578,-30.766418075561525,60.23147735595703,2.231265727324987,66.29690952934413
15,143,5,-54.125588610467744,-24.697379684448244,-29.553740310668946,1.5780503429014288,46.88812252833411
15,276,5,-53.228382315497036,32.67858047485352,-27.15937957763672,1.7942368660110282,53.31160592994735
15,284,5,-15.35529830838144,5.276460075378418,-20.242340087890625,1.8193278105402948,54.057125416529004
15,317,5,21.118491768958414,-36.757860565185545,-12.704540061950684,2.0445407209775217,60.74880707741188
15,494,6,-50.38776119891717,31.749287923177082,29.684912363688152,1.8737881202758226,55.675287782068935
15,880,6,7.914233289060308,-9.237499872843424,-29.952799797058105,1.8422648445589063,54.73864642524654
15,891,67,-17.36273008027001,12.193499565124512,-27.07069969177246,60.87430554421063,1808.7394423274652
15,1059,147,-38.37429336739165,22.36926611426736,52.76282664707729,69.51651228102241,2065.522662339184
15,1127,6,-35.20283733949298,-11.315937678019205,39.70759963989258,1.8268375221327373,54.28025915803658
15,1287,6,-20.305365304714503,-8.600112597147623,18.433637301127117,2.2581951554930866,67.09705531255295
15,1322,5,63.41374915164139,42.07865905761719,29.6424201965332,1.9333137137107603,57.443953357983006
15,1354,5,-58.490289696677564,-40.6597785949707,-40.5500602722168,1.5165812243596857,45.06170959109236
15,1361,5,54.21498994946838,57.154258728027344,-45.072740173339845,2.1691144422633193,64.45022758895249
15,1372,14,-30.470966538698843,10.863300323486328,-26.183900833129883,5.2172860165419435,155.01960828398194
15,1390,16,-29.9801999408366,11.750100135803224,-27.07069969177246,8.326912972399546,247.41499375412042
16,312,5,-27.40851454864631,-53.81213302612305,57.51565170288086,1.5244779381432174,45.29634220919543
16,484,5,39.23707276189687,5.010420131683349,14.123419952392577,1.5796892865856935,46.93681995591017
16,503,5,-60.89135422983761,37.02389984130859,-16.695139694213868,2.140261396584699,63.592925952676836
16,565,245,11.772793777101418,-33.89295302605142,-56.71334739217953,109.28801235342317,3247.240962340756
16,574,5,15.910863772171131,-59.37126007080078,63.16345977783203,1.6755679681108608,49.785633612223286
16,579,133,-16.78480747383045,9.733129945912756,-26.183900833129883,122.86495549108837,3650.6484811583196
16,627,5,-47.525854049241914,40.077816009521484,17.243848037719726,1.5091057684832163,44.83959367909515
16,640,5,62.647451960207334,-57.50897979736328,49.95013961791992,1.99181847280065,59.18228719824172
16,868,5,31.942439597964484,33.21065902709961,11.196980094909668,2.069121063490519,61.47915520396075
16,925,5,-55.62625394369278,-38.293132781982415,14.140047645568847,1.3566538752842874,40.30983765442668
16,986,5,-45.10243918133172,-55.441627502441406,39.43601608276367,1.9259027725692226,57.22375435238233
16,1063,5,28.0023948720077,-59.99201965332031,-17.847979736328124,1.683393375095613,50.01814751343414
16,1289,5,-60.76363803126527,39.84503173828125,3.587127447128296,2.1277811120879373,63.22210311340244
16,1321,5,-25.786518826777552,-60.790139770507814,-13.768699645996094,2.2557939033583567,67.02570764939308
16,1347,5,-48.582705592428056,42.8767807006836,-28.666939544677735,2.2759372798662634,67.62422157519127
16,1364,5,-13.168158407830067,10.669312286376954,25.236132431030278,1.538315766912856,45.70750134223296
16,1426,65,-18.210000954547482,9.976499557495115,-24.41029930114746,34.11620197275326,1013.6841739527246
16,1444,5,10.894810073242365,17.425619506835936,-13.23661994934082,1.7360936549275585,51.584014653955464
17,71,7,-43.297991747216756,-39.656587328229634,53.7578375680106,2.261326267461048,67.19008907555305
17,344,5,-42.23521052338261,27.53513984680176,-62.0106201171875,2.050653640872515,60.93043837854982
17,390,38,-10.21312486336248,11.750100135803224,-25.297100067138672,19.3221046743373,574.1117294204189
17,493,5,-49.97161925190229,-57.76947784423828,4.130292510986328,2.1957613813129875,65.2419798602195
17,667,5,-7.564610195468518,-15.652019882202149,-40.99346008300781,2.131671180008977,63.337687500266725
17,748,9,41.79884684492711,12.932500839233398,-6.155744128757053,4.215787895190464,125.2624038721846
17,887,6,-63.39618817433768,44.22915013631185,45.00992520650228,2.1735069072794144,64.5807395455593
17,888,7,9.504984155206902,-20.808128356933594,21.49652862548828,1.845869157196547,54.84574025361795
17,927,5,62.953970836780954,-60.8788200378418,16.517779922485353,1.794072579350099,53.30672453112375
17,1118,6,15.947050028433296,-29.3382994333903,64.02069854736328,2.2267581310441247,66.16297671302046
17,1342,5,-44.72886930050761,16.333747100830077,27.176006698608397,1.7592259572498938,52.27133760948165
17,1457,5,27.26802673021673,19.99734001159668,62.18798065185547,1.5333783328426556,45.56079688841086
17,1462,5,-50.97419141069518,34.18059768676758,20.89081230163574,1.9625127076128466,58.311534046991866
17,1484,5,41.34758294330483,46.423980712890625,17.22722053527832,2.384467498066788,70.8489464338778
17,1544,5,-39.09658494346728,-4.833060169219971,-59.261539459228516,1.303228790873016,38.722434619263346
18,42,6,-48.996186785306016,50.50141270955404,50.89421335856119,2.3358218677825153,69.40355384326924
18,53,6,-5.117780691153381,16.77530034383138,-24.2624994913737,2.1125248964154073,62.76879988832468
18,65,9,-51.49818259206003,8.513895935482449,35.20277839236789,3.3052517240873773,98.20792379858626
18,74,55,-16.74159959106669,9.976499557495115,-25.74049949645996,14.876021450805284,442.00663157363783
18,98,5,-51.71175245745046,-15.402607536315918,32.53006362915039,1.7278084773947764,51.33783973243058
18,229,5,-31.415610278853563,-53.424156951904294,35.40107803344726,2.11583024184469,62.86701059635679
18,246,5,52.985721538209575,-17.602980041503905,11.817739868164063,1.7765344087932282,52.78561828524732
18,319,6,34.30882394948657,29.264399528503418,57.8130989074707,1.822369244595687,54.147494607405946
18,350,74,-10.332427325880227,11.971799850463867,-27.07069969177246,58.6778275847246,1743.476171001273
18,468,10,-17.51601038588388,-42.69942016601563,9.360400009155274,2.8881890178790006,85.81586840018734
18,688,5,-33.620752929678076,44.11275787353516,54.334258270263675,1.2789025871876856,37.99963764122154
18,692,6,3.1568048922405314,20.322499593098957,-19.754599571228027,1.9527219786350996,58.02062514030499
18,887,5,6.348113404066952,58.484458923339844,3.7478598594665526,1.8928356569708396,56.24124135790785
18,907,274,50.674666753424006,4.37897955936237,41.02724017540034,116.41297158298872,3458.9426757037263
18,926,5,-52.00230680920254,29.602492904663087,30.82297248840332,1.9803243043090526,58.84076451931093
18,965,5,33.30465533821153,-13.878420066833494,-24.676340103149414,1.9072004862786383,56.668059095195176
18,1167,5,-21.4856758398539,-53.73453826904297,57.3604621887207,1.4661536702613374,43.56337124846367
18,1296,5,-33.70811604322713,52.41542282104492,7.699662590026856,2.0606250358107583,61.226715357130324
18,1297,8,-4.6037698454124225,56.16630935668945,-0.38797521591186523,3.909816828516669,116.17118005359055
18,1307,71,-17.892398581218014,10.419899940490724,-24.853700637817383,18.210679997942325,541.0883112245162
18,1437,39,-33.89845379221486,-57.54465083586864,53.74931120261168,16.739204139419947,497.36680343977207
18,1658,5,-4.793168686448675,-48.45807647705078,39.59120635986328,1.8178410932549824,54.01295104493669
19,71,5,21.013125905136235,17.869020462036133,42.767059326171875,1.6890689626064734,50.18678449249286
19,94,5,-3.723545523405304,-6.16880235671997,41.53108215332032,1.4644078731235686,43.511498917220536
19,120,5,-37.465010506705596,29.447302627563477,27.408792114257814,1.6995397278439743,50.49789910656703
19,156,5,-5.853213134599122,-34.956546783447266,48.43703765869141,1.6817412597889705,49.96905872150981
19,426,235,-57.40612862592435,-17.252033609532294,-40.33873739851282,100.26739275714546,2979.21407789162
19,560,18,-5.942614473599764,9.533100128173828,-25.74049949645996,8.149974834934417,242.15768551505218
19,691,7,-27.33963902727337,-12.826928683689662,-52.344500405447825,2.362847192537277,70.20654897214419
19,730,5,-10.636184771133367,-19.99734001159668,-59.17285919189453,1.8333858908537923,54.47482881567438
19,875,6,-49.29419124864149,14.355074723561605,24.705900192260742,2.5602506003843124,76.07193547028626
19,923,5,59.240622363290086,-48.286258697509766,6.4082599639892575,1.4296860605158757,42.47982042148762
19,944,5,-18.69826980601252,51.39006042480469,-19.355540084838868,2.262284609727866,67.21856400338585
19,949,5,-38.18979993360365,-21.150180435180665,-28.578259658813476,2.42876498243283,72.16514390754841
19,1119,5,-6.900485962892335,-13.435019874572754,-24.676340103149414,1.8999589750747647,56.452894309011455
19,1315,5,57.63139826127856,-7.759500026702881,52.16714096069336,2.354466163221972,69.95752603620474
19,1318,5,-24.372061927588856,38.974859619140624,-48.35390090942383,2.1680386717047604,64.41826355054967
19,1471,5,-21.466518410068055,53.1636604309082,-7.383740043640136,1.8729349265426432,55.649937100145706
19,1572,5,-15.259511159452183,-33.79262161254883,24.537777709960938,1.5097225852820952,44.857920966163945
19,1621,5,-5.185895997058631,22.65774002075195,-59.882300567626956,2.1091930060814272,62.6698004597365
