file_id,light_id,n_charge_hits,charge_x,charge_y,charge_z,charge_E,charge_Q,fprompt,integral,integral_total,tpc,det,n_valid_sumhits,period,window
0,187,9,-4.68925349708217,8.35993766784668,11.79271772172716,3.202445911384661,95.15328643272944,,,0.0,-1,-1,0,80,prompt
0,639,6,-34.0906872991878,11.727005958557129,-8.429219086964926,0.8760147620429688,26.028756106588833,,,0.0,-1,-1,0,80,prompt
0,851,11,-23.07796086452246,-28.97467769276012,-8.993565385991877,3.3288730803773197,98.90977786362951,,,0.0,-1,-1,0,80,prompt
0,1151,6,-16.91297851868738,-5.92585563659668,-1.8059320449829113,1.6804683977740247,49.931238565526264,,,0.0,-1,-1,0,80,prompt
0,1213,12,-35.33679209033746,27.137465794881184,-1.7474621136983235,3.8265113571049807,113.69595030670547,,,0.0,-1,-1,0,80,prompt
0,1285,6,-42.43210632951497,-26.636330604553223,2.3324673970540366,0.7673625363364447,22.800406076553106,,,0.0,-1,-1,0,80,prompt
0,1375,10,-31.775041838709534,-34.906664562225345,5.280237197875977,2.77185488643405,82.35926827715888,,,0.0,-1,-1,0,80,prompt
0,1671,9,-34.99158536685603,40.69118785858154,11.93337885538737,3.716967189455593,110.44109828115782,,,0.0,-1,-1,0,80,prompt
0,1869,8,8.04707332005406,30.428324222564697,-14.483399510383606,3.5136803588281897,104.40089945877475,,,0.0,-1,-1,0,80,prompt
0,1875,6,-17.52674086924747,-14.396643002827963,-17.545161565144856,0.6398850831667213,19.012707876233204,,,0.0,-1,-1,0,80,prompt
0,2259,7,15.866962755697958,38.338263920375276,-6.906440189906529,2.2875492088348786,67.96924323481063,,,0.0,-1,-1,0,80,prompt
0,2329,12,-21.89363624532837,31.061094045639038,43.879066149393715,2.5268742522151406,75.08023434392857,0.31415507197380066,576.1414184570312,686.89892578125,4,14,2,80,prompt
0,2605,8,-12.918513983225065,12.456768870353699,15.095280647277832,2.0430061805311714,60.70321175100369,,,0.0,-1,-1,0,80,prompt
0,2725,6,14.891722418623571,8.129000027974447,-7.545567512512207,1.6446533131539431,48.86707601609742,,,0.0,-1,-1,0,80,prompt
0,2973,6,-5.371145558450888,-34.580580393473305,-14.53520647684733,0.6570344714150844,19.52226235343498,,,0.0,-1,-1,0,80,prompt
0,3029,6,-25.70271984627534,-5.182237625122069,19.212528864542644,1.7410068313410036,51.72999834751329,,,0.0,-1,-1,0,80,prompt
0,3215,7,27.845562174023787,-20.99815695626395,-9.694785799298968,1.9456427712134803,57.81028283628314,,,0.0,-1,-1,0,80,prompt
0,3603,6,-13.947627996825647,-18.622798919677734,-13.53146775563558,0.4281606037531252,12.721803801056586,,,0.0,-1,-1,0,80,prompt
0,3899,7,-15.974494758007708,-19.521475655691965,-10.609298978533063,0.9101468159127726,27.04291128306347,,,0.0,-1,-1,0,80,prompt
0,4025,7,5.3851506205212205,-9.141165358679634,-16.84730965750558,1.5433091900624427,45.85586938228115,,,0.0,-1,-1,0,80,prompt
0,4233,7,-23.25962667378254,-20.376605442592076,12.40539060320173,1.9782026891467033,58.77772562315804,,,0.0,-1,-1,0,80,prompt
0,4621,14,-19.16241337984626,14.390705926077706,-9.557484422411237,4.41173952324644,131.08465408571217,0.2957359552383423,414.88323974609375,414.88323974609375,4,7,1,80,prompt
0,4783,8,19.541198381173736,25.613278329372406,-19.015496373176575,4.109359322925773,122.10012457019015,,,0.0,-1,-1,0,80,prompt
0,5683,6,-38.98694820793764,-27.952674229939777,16.88320763905843,1.3919715378341133,41.3592204554886,,,0.0,-1,-1,0,80,prompt
0,5831,9,3.0629115068822728,-22.6380328602261,-20.90201187133789,2.6858051790949524,79.80249989559724,,,0.0,-1,-1,0,80,prompt
0,5887,6,-1.5121802048420439,-27.13515631357829,-5.066768964131673,1.6755209268956817,49.78423589112324,,,0.0,-1,-1,0,80,prompt
0,6281,6,-15.134249603342928,22.096100489298504,-7.848933696746826,2.355059234319724,69.97514777458873,,,0.0,-1,-1,0,80,prompt
0,6283,12,7.852062142727326,-30.038040300210316,8.829682370026907,4.523089076988705,134.39314899072474,,,0.0,-1,-1,0,80,prompt
0,6545,8,-14.430853791371787,-10.19819962978363,-34.88562536239624,1.7571402350539431,52.20936518995542,,,0.0,-1,-1,0,80,prompt
0,6873,6,-30.190066923386464,-58.325575510660805,45.91519991556803,2.0208323431478474,60.0443673682313,,,0.0,-1,-1,0,80,prompt
1,38,6,-14.827864319337403,0.7620944976806641,9.665572881698608,1.0403480450306828,30.911540197015437,,,0.0,-1,-1,0,80,prompt
1,200,8,-14.760066061903055,-20.663132667541504,10.712138891220093,1.6407137814386337,48.750021926788676,,,0.0,-1,-1,0,80,prompt
1,554,6,-5.66295665844319,-40.32630570729574,3.7180933952331543,1.042369995205971,30.97161777818486,,,0.0,-1,-1,0,80,prompt
1,620,9,-18.39552507111608,38.387971030341255,18.924067815144856,3.464663094784224,102.94446462902691,,,0.0,-1,-1,0,80,prompt
1,800,7,-12.714259327317043,28.318216460091726,-0.8082526070731026,1.5961413854411894,47.42565608870835,,,0.0,-1,-1,0,80,prompt
1,840,7,-30.676933285953265,-4.996167591639927,24.197777884347097,1.2314266949958275,36.58900111733159,,,0.0,-1,-1,0,80,prompt
1,844,7,-25.03659184314506,-13.100094420569283,-4.608823912484305,0.7076875249641159,21.027300891606384,,,0.0,-1,-1,0,80,prompt
1,1208,9,-52.73573894706238,-14.010208143128288,-24.085870530870224,2.4687223816541213,73.35238577155434,,,0.0,-1,-1,0,80,prompt
1,1422,9,-10.710184601907496,6.105987389882405,30.714334593878853,2.584028613198405,76.77844422225523,,,0.0,-1,-1,0,80,prompt
1,1710,8,-18.123692911959814,-34.53323936462402,13.052742004394531,1.7345220595925672,51.537318327083824,,,0.0,-1,-1,0,80,prompt
1,2020,6,-29.73642311785183,0.4526386260986328,-20.071617126464844,0.8723869834602019,25.92096504183631,,,0.0,-1,-1,0,80,prompt
1,2050,7,-32.496103077896336,-24.22864259992327,49.812046323503765,2.354330858475339,69.95350576805086,,,0.0,-1,-1,0,80,prompt
1,2152,8,-5.852694994003691,-17.514299035072327,-26.726500511169434,1.2280600537527007,36.488969145711195,,,0.0,-1,-1,0,80,prompt
1,3256,10,-27.020071212214287,-25.290426683425903,-1.6674107074737534,1.8459032001480407,54.84675176132304,,,0.0,-1,-1,0,80,prompt
1,3330,15,-13.743437437728938,49.3633529663086,24.106639035542806,4.677566121107565,138.9830776992998,0.572992205619812,92.66749572753906,92.66749572753906,4,15,1,80,prompt
1,3520,10,5.5950157235518025,4.672328042984009,5.767976951599121,3.0338623080536045,90.14421388646251,,,0.0,-1,-1,0,80,prompt
1,3680,6,-38.49649759167434,-10.881774385770163,17.46517054239909,1.2184922785606334,36.2046847960089,,,0.0,-1,-1,0,80,prompt
1,3764,6,-18.430405493252525,-13.879343350728353,-4.801823218663533,1.850751005948707,54.990793118050156,,,0.0,-1,-1,0,80,prompt
1,4062,7,-13.94134988715538,-19.6481614112854,-4.553398949759347,0.7584696655935768,22.536174954335817,,,0.0,-1,-1,0,80,prompt
1,4084,6,-36.40907600751776,7.870350519816081,12.57076644897461,0.8531618485386484,25.349734544735586,,,0.0,-1,-1,0,80,prompt
1,4122,6,2.0438577354167755,-37.41649301846822,-18.054693698883057,0.8626889045846845,25.632809019026134,,,0.0,-1,-1,0,80,prompt
1,4156,12,0.39694825767616315,-1.4710715611775715,-16.458180904388428,4.149182506064196,123.2833785131724,,,0.0,-1,-1,0,80,prompt
1,4260,7,-39.0795819392361,-35.72932924543108,-27.044249262128556,0.4764913465440149,14.157840236813184,,,0.0,-1,-1,0,80,prompt
1,4424,8,-34.632139468819545,-17.226782143115997,-10.034286975860596,0.6607350820404289,19.632217454177695,,,0.0,-1,-1,0,80,prompt
1,4566,7,-19.48777914445738,6.381792885916574,-10.914136341639928,1.5503909479026654,46.0662874661034,,,0.0,-1,-1,0,80,prompt
1,4594,6,-39.46056244431008,-18.72902997334798,-26.263890584309895,0.5671359912868497,16.85113657451109,0.38306885957717896,87.5143051147461,87.5143051147461,3,15,1,80,prompt
1,4706,7,-6.92067015915493,10.039843150547572,-38.09235763549805,2.2382184452187186,66.50349348908448,,,0.0,-1,-1,0,80,prompt
1,5410,11,16.469816098438944,-13.097934982993387,-15.656471772627397,3.959095236755298,117.63537418015171,,,0.0,-1,-1,0,80,prompt
1,5428,9,-25.09265308362724,12.5876341925727,-2.023503197564019,2.7763830945622434,82.49381352693729,,,0.0,-1,-1,0,80,prompt
1,5496,6,-20.465085291480666,-15.874642928441366,-9.648569742838541,0.9593726424318665,28.505543065229606,,,0.0,-1,-1,0,80,prompt
1,5650,7,-14.089830729737912,-19.062240736825125,-3.5332555770874023,2.0842636427795536,61.92908198626723,,,0.0,-1,-1,0,80,prompt
1,5674,6,2.243015737426775,-30.59459940592448,-38.673000971476235,1.0531238328903048,31.291143236457486,,,0.0,-1,-1,0,80,prompt
1,5708,6,-8.154692943932483,-21.869780858357746,-18.23797384897868,0.9257428378312207,27.50631106619223,,,0.0,-1,-1,0,80,prompt
1,5814,8,9.994356483978038,-0.05542457103729248,-9.816050291061401,3.1222120986198068,92.76932393067325,,,0.0,-1,-1,0,80,prompt
1,5920,6,2.254057312233757,-12.193499247233072,-12.045700550079346,0.992630709144808,29.493729731204244,,,0.0,-1,-1,0,80,prompt
1,6356,9,-5.423701590526284,22.98905869325002,34.53558010525174,2.121983193025875,63.04983133473947,,,0.0,-1,-1,0,80,prompt
1,6608,7,-25.141159956321527,1.8725738525390625,3.513636997767857,2.074827673779218,61.648713953237426,,,0.0,-1,-1,0,80,prompt
2,457,17,-8.671438826149949,13.523700265323415,-18.956347325268915,6.710485324803167,199.38657822250002,,,0.0,-1,-1,0,80,prompt
2,481,6,-26.688070732006462,-1.5565179189046223,-23.4663987159729,0.971306576806886,28.86013237205248,,,0.0,-1,-1,0,80,prompt
2,491,6,-8.513894752417196,-6.369255701700848,15.2620267868042,1.1267345579229775,33.478315977971896,,,0.0,-1,-1,0,80,prompt
2,539,6,2.5126237603253947,16.18410001198451,-42.663600285847984,2.2762949796609355,67.63484979873077,,,0.0,-1,-1,0,80,prompt
2,841,6,-38.297812886474375,-11.569967945416769,18.995447476704914,1.1606450317873274,34.485887416169554,,,0.0,-1,-1,0,80,prompt
2,1055,7,32.20278852459476,39.55365589686802,17.574490683419363,2.012467464870923,59.79582432310774,,,0.0,-1,-1,0,80,prompt
2,1225,6,-29.017620942623115,-24.077542781829834,-2.064581871032715,0.7767203555272367,23.078452068425026,,,0.0,-1,-1,0,80,prompt
2,1269,8,-14.971652069701552,1.8879141807556152,-38.92928925156593,1.920071988691768,57.050506071608446,,,0.0,-1,-1,0,80,prompt
2,1495,6,12.849135096535404,-17.167893409729004,-0.5418651898701986,1.4884871969420777,44.2269604300173,,,0.0,-1,-1,0,80,prompt
2,1663,12,-22.952830445764572,-13.18883991241455,-16.03325593471527,2.271680843414924,67.4977513933227,,,0.0,-1,-1,0,80,prompt
2,1683,9,-18.80355719781156,-21.47410747740004,-20.096250534057617,1.0499601061058002,31.19714039948509,,,0.0,-1,-1,0,80,prompt
2,1737,7,13.306582882754688,-1.361870356968473,10.074842180524554,2.090058913833015,62.10127508546836,,,0.0,-1,-1,0,80,prompt
2,1785,12,-18.201640601216937,-8.574708859125773,1.6827983856201172,3.9102427298139992,116.18383472731757,,,0.0,-1,-1,0,80,prompt
2,2103,11,-6.542575435432965,12.803175059231846,20.954597906632856,2.9577861839037967,87.88378750230898,,,0.0,-1,-1,0,80,prompt
3,30,126,22.371296933461313,26.104295213071126,-8.227141285699512,51.64765282058942,1534.5907591896914,,,0.0,-1,-1,0,80,prompt
3,434,9,-55.560267241097065,5.394700368245442,-28.89356761508518,2.1315281030090536,63.333436297550946,,,0.0,-1,-1,0,80,prompt
3,518,14,12.103129519591022,-29.345557485307967,16.74572597231184,5.887008846754823,174.91887592414346,,,0.0,-1,-1,0,80,prompt
3,568,7,-30.43637648791989,-15.439820630209786,-11.563401085989815,1.1461498370095682,34.05519616993085,,,0.0,-1,-1,0,80,prompt
3,766,10,-16.422368479120365,49.33933525085449,43.80904922485352,2.8268704288771414,83.99392810067984,,,0.0,-1,-1,0,80,prompt
3,1196,7,-30.33071944903319,-8.87987654549735,13.069230488368444,1.6797899426459444,49.91107983781615,,,0.0,-1,-1,0,80,prompt
3,1258,9,-35.06836160384091,-10.801716168721518,-2.361230638292101,2.256109778471052,67.03509314907268,,,0.0,-1,-1,0,80,prompt
3,1412,6,13.46515964297312,3.168462594350179,27.515570004781086,2.296303475615048,68.2293560602859,,,0.0,-1,-1,0,80,prompt
3,1428,10,-53.54447990696358,-36.82714080810547,4.220613479614258,2.3223739570368545,69.00398022406942,,,0.0,-1,-1,0,80,prompt
3,1640,7,-18.22777340424833,-16.049495969499862,1.9827923093523299,1.6106164998016932,47.8557506917101,0.46789300441741943,65.79329681396484,65.79329681396484,4,14,1,80,prompt
3,1780,8,-5.648104546922777,-5.0990986824035645,1.8844492435455322,1.1227622873552094,33.36028912924998,,,0.0,-1,-1,0,80,prompt
3,1862,7,-39.652024186408575,-19.735258102416992,-10.775574275425502,0.5575653005158769,16.566765595113132,,,0.0,-1,-1,0,80,prompt
3,1884,9,-26.449056456745506,10.438375473022461,-8.52572250366211,1.4607947815867846,43.404144244129874,,,0.0,-1,-1,0,80,prompt
3,1918,8,-2.698004694840746,-18.0997269153595,7.636051416397095,2.303095278015175,68.43115878765636,,,0.0,-1,-1,0,80,prompt
3,1944,10,-27.468151246658056,-16.66906852722168,6.452475929260254,2.708213566867028,80.46831340164019,,,0.0,-1,-1,0,80,prompt
3,2040,9,-24.562010386827566,-15.195686340332031,-18.134822209676106,0.8480516205828385,25.19789591955004,,,0.0,-1,-1,0,80,prompt
3,2244,8,-20.301717848884394,10.624280452728271,17.86889147758484,1.2190401092026264,36.22096231870144,,,0.0,-1,-1,0,80,prompt
3,2358,9,-26.741739411807128,7.92269680235121,7.407003720601399,2.730372137381988,81.12670416466737,,,0.0,-1,-1,0,80,prompt
3,2480,10,-23.350661160226572,-17.86624813079834,5.195210266113281,1.0767929311684228,31.994415844452423,,,0.0,-1,-1,0,80,prompt
3,2786,6,-32.50666673264882,25.00591278076172,7.2037779490153,1.3334083676373678,39.61915106404953,,,0.0,-1,-1,0,80,prompt
3,3024,6,-19.121803010593435,-5.039056162039437,-27.05831511815389,1.8934619095779792,56.25984900823367,,,0.0,-1,-1,0,80,prompt
3,3054,8,-12.645809278654863,23.701114892959595,-19.22334098815918,2.066247194822786,61.393764831702256,,,0.0,-1,-1,0,80,prompt
3,3410,6,2.340193227164351,-4.512518564860026,11.337560653686523,1.463006575279035,43.46986258709411,,,0.0,-1,-1,0,80,prompt
3,3564,9,-11.195870033759583,25.707962459988064,0.38748402065700954,2.1436664541541233,63.69409937673734,,,0.0,-1,-1,0,80,prompt
3,3750,7,-17.753740573773307,10.194240842546735,-12.272048677716937,1.3165612627382794,39.11857823865805,,,0.0,-1,-1,0,80,prompt
3,3858,9,-27.63344755470986,4.1137674119737415,-24.602189540863037,1.6871302827880994,50.12918109772413,,,0.0,-1,-1,0,80,prompt
3,3878,6,-23.35280064656158,40.437156677246094,19.511276245117188,1.3604071859416422,40.421358614946485,,,0.0,-1,-1,0,80,prompt
3,4110,7,-33.22788768528682,33.32626152038574,-0.7488681248256128,1.4083216919720023,41.84502753637358,,,0.0,-1,-1,0,80,prompt
3,4132,6,-33.0730088055543,1.5980881055196126,-8.941900650660196,0.8366764776048179,24.859909808948444,,,0.0,-1,-1,0,80,prompt
3,4144,7,-17.49459698315021,30.55105209350586,26.00700787135533,2.06281229498621,61.29170471357332,,,0.0,-1,-1,0,80,prompt
3,4168,10,-30.76132162589895,11.522858047485352,-4.562360644340515,1.9146538895395655,56.889519764636745,,,0.0,-1,-1,0,80,prompt
3,4280,8,-21.403957844569568,-19.15280169248581,29.7841637134552,2.4952475935850167,74.14052120253125,,,0.0,-1,-1,0,80,prompt
3,4310,11,-15.043475566478143,24.98659831827337,21.70695859735662,2.4729537483450343,73.47811106337303,,,0.0,-1,-1,0,80,prompt
3,4464,6,-29.35240266706549,-2.697349230448405,-15.582192738850912,0.8749220300120075,25.99628809719431,,,0.0,-1,-1,0,80,prompt
3,4504,9,-14.046740163657311,12.898630142211914,7.271520614624023,1.7606586416176384,52.31390651767993,,,0.0,-1,-1,0,80,prompt
3,4680,6,-6.023030321997223,-21.34324248631795,-17.147948900858562,1.3564131642899053,40.30268548298344,,,0.0,-1,-1,0,80,prompt
3,4732,8,-1.3442673793032123,4.939753532409668,21.90342152118683,1.8971521243053695,56.369495218870796,,,0.0,-1,-1,0,80,prompt
3,4814,6,-46.89597991620381,-34.97779337565104,-5.944332122802734,0.5575764458690697,16.567096753550803,,,0.0,-1,-1,0,80,prompt
3,4820,8,-4.500654325374384,18.62280011177063,-38.14987587928772,2.095195064506869,62.25388394437009,,,0.0,-1,-1,0,80,prompt
3,4862,9,-14.722306008929767,8.224454243977865,-11.299071258968777,1.7194198379996835,51.08859068054042,,,0.0,-1,-1,0,80,prompt
3,4900,6,-51.26759896316963,26.465437253316242,16.330429395039875,1.5255005214647306,45.32672591164841,,,0.0,-1,-1,0,80,prompt
3,5104,8,6.594955452595649,-7.271066904067993,0.8625514507293701,2.587248587814464,76.87411833367698,,,0.0,-1,-1,0,80,prompt
3,5626,6,5.610140133964001,-22.414793809254963,0.13247251510620353,1.3504494245337864,40.12548672524428,,,0.0,-1,-1,0,80,prompt
3,5732,6,19.17819733320783,-19.213999430338543,-24.476434071858723,1.4835298329947442,44.079663805910386,,,0.0,-1,-1,0,80,prompt
3,5740,8,-20.390864409703582,21.820129871368408,0.6685634851455688,2.3504845705505666,69.83922220269615,0.5172939300537109,87.82672119140625,87.82672119140625,6,14,1,80,prompt
3,5922,6,-23.624670865337844,-17.648242870966595,-18.727561314900715,0.640974604521707,19.04508048780393,,,0.0,-1,-1,0,80,prompt
3,5952,6,0.7889735653377675,-19.14933681488037,14.944803873697916,1.1758791898486172,34.93853525025604,,,0.0,-1,-1,0,80,prompt
3,5982,6,-13.144877363993237,10.33676274617513,22.77673276265462,1.271406588753329,37.77691135454548,,,0.0,-1,-1,0,80,prompt
3,6322,7,-3.063452582188272,-15.289381844656807,3.9214066096714566,2.4610810471503104,73.12534115912713,,,0.0,-1,-1,0,80,prompt
3,6350,7,-16.426404367182176,15.661521707262311,6.914356776646206,1.5466290023202531,45.95450993872187,,,0.0,-1,-1,0,80,prompt
3,6590,6,-4.676215431903743,1.6119441986083984,15.012614568074545,0.9799940756750529,29.118261343176698,,,0.0,-1,-1,0,80,prompt
4,39,12,-15.617413127599614,-17.81682761510213,-3.1107285022735596,3.3539045446575937,99.6535300319407,0.33686184883117676,157.5297393798828,157.5297393798828,5,7,1,80,prompt
4,167,7,-20.107367661749343,3.0681701557976857,-26.23662785121373,2.5988691967845123,77.21939789949847,,,0.0,-1,-1,0,80,prompt
4,203,12,-10.971537125400994,-7.239890098571777,14.25891908009847,2.6968614102715587,80.13101027832505,,,0.0,-1,-1,0,80,prompt
4,487,6,-21.384834367786993,5.9350941975911455,-0.9852648973464966,1.448419778551409,43.03644960040618,,,0.0,-1,-1,0,80,prompt
4,575,7,-17.301728169616236,37.40791647774832,6.918315614972796,1.4313532196987686,42.529356207461355,,,0.0,-1,-1,0,80,prompt
4,777,9,-32.79260985037856,-16.378087361653645,9.568579567803276,2.3702687064171633,70.4270621222545,,,0.0,-1,-1,0,80,prompt
4,817,8,-46.32546611760099,6.342698931694031,-35.361305713653564,2.185281609923449,64.93059764913102,,,0.0,-1,-1,0,80,prompt
4,1043,7,-23.88976832376216,51.683812277657644,26.211612156459264,1.4265357296874774,42.38621561442227,,,0.0,-1,-1,0,80,prompt
4,1175,6,-44.33546258141379,-5.237661679585774,43.32869863510132,2.178954723043063,64.74260881303023,,,0.0,-1,-1,0,80,prompt
4,1203,10,-13.01661222164368,-2.1560317993164064,-4.096790599822998,1.8343600041276158,54.503772342568155,,,0.0,-1,-1,0,80,prompt
4,1213,8,-46.20239494153602,-5.819624423980713,-38.98707604408264,0.8899467323049586,26.4427124367172,,,0.0,-1,-1,0,80,prompt
4,1279,8,-16.51756152048653,-10.108134746551514,12.220109105110168,2.606441429362474,77.44438930774196,,,0.0,-1,-1,0,80,prompt
4,1301,6,-35.54572125382584,-22.24389902750651,-29.132134437561035,0.8096822760478998,24.05783943404002,,,0.0,-1,-1,0,80,prompt
4,1731,7,-23.032309337819918,-15.843631948743548,-3.8856002943856365,1.554801725117648,46.19734352742082,,,0.0,-1,-1,0,80,prompt
4,1781,7,-12.07156145799689,16.437472343444824,9.87563589641026,1.7911458654217336,53.219763983954984,,,0.0,-1,-1,0,80,prompt
4,1807,7,-11.909738358360995,33.56379726954869,15.804849897112165,2.435338072333069,72.3604480979493,,,0.0,-1,-1,0,80,prompt
4,1911,6,-32.57898039115579,-17.09861159324646,-3.4455881118774414,1.2117581667713013,36.004596211941845,,,0.0,-1,-1,0,80,prompt
4,1943,6,-33.57501948236358,-2.438699722290039,-26.17613347371419,0.8725188971914735,25.92488455379792,,,0.0,-1,-1,0,80,prompt
4,2043,6,8.675328899700233,32.894737243652344,-13.348186810811361,1.7971594676597462,53.398444290220866,,,0.0,-1,-1,0,80,prompt
4,2125,7,-7.756236842009057,-25.178784915379115,-11.341700417654854,0.6315869205213964,18.76614713206919,,,0.0,-1,-1,0,80,prompt
4,2205,6,-20.159098565734435,-5.468599160512288,-38.29573408762614,1.2601738423496613,37.44315622938484,,,0.0,-1,-1,0,80,prompt
4,2393,9,-17.681911551408117,5.68722136815389,-3.861766232384576,2.0159279798258676,59.89864553533867,,,0.0,-1,-1,0,80,prompt
4,2731,14,-22.83084578332012,-9.376721620559692,1.7953741891043526,4.193931677246507,124.61299681773158,,,0.0,-1,-1,0,80,prompt
4,2929,7,-16.360671304472948,-17.14611898149763,9.246165820530482,1.0362105254619436,30.78860335575742,,,0.0,-1,-1,0,80,prompt
4,2937,8,-22.823813851993698,-15.657561779022217,-5.2307350635528564,1.1686084962836516,34.72250337758888,,,0.0,-1,-1,0,80,prompt
4,3499,6,-13.558684596024746,-2.808198928833008,-11.46226723988851,1.7145462973978505,50.943784673613266,,,0.0,-1,-1,0,80,prompt
4,3787,7,8.50126091147029,3.4521868569510326,-18.386071750095912,3.522170915233428,104.65317673931484,,,0.0,-1,-1,0,80,prompt
4,3935,8,-33.57288299809389,14.323898673057556,-15.50860846042633,2.8477700156806978,84.61491106947092,,,0.0,-1,-1,0,80,prompt
4,4001,6,-9.069992367034272,8.341463724772135,-8.932663281758627,1.2522703939046904,37.20832350636611,,,0.0,-1,-1,0,80,prompt
4,4221,8,-42.11148545601566,-39.31364440917969,-7.729426980018616,2.1040540638899294,62.51710865733307,,,0.0,-1,-1,0,80,prompt
4,4285,12,-18.147035177670144,-2.004537264506022,43.45802414417267,3.05219590096967,90.68895427126705,1.0,17.15082359313965,17.15082359313965,4,8,1,80,prompt
4,4433,8,11.114911542694973,-13.856249392032623,15.136849403381348,1.4591488336497402,43.3552387013539,,,0.0,-1,-1,0,80,prompt
4,4457,11,-5.502019447638258,-3.920058639212088,9.876240383494984,3.248828685132048,96.53144346583956,,,0.0,-1,-1,0,80,prompt
4,4469,7,-5.566171785692087,-34.553528376988005,-38.85247107914516,2.0361331363420394,60.49899511144445,,,0.0,-1,-1,0,80,prompt
4,4631,6,-31.48100597660454,-24.373143513997395,12.076560020446777,0.6942032479951551,20.626646734043728,,,0.0,-1,-1,0,80,prompt
4,4785,7,-0.8589176097400179,7.7594998053142,27.04028947012765,2.397174341688292,71.22650095446299,,,0.0,-1,-1,0,80,prompt
4,4851,10,-4.014004653177471,-2.6742562532424925,-26.149639463424684,1.8476979607888155,54.90007893001081,,,0.0,-1,-1,0,80,prompt
4,5077,8,-30.459146766591047,5.885442733764648,-18.49935221672058,1.6919283452520386,50.271744446048075,,,0.0,-1,-1,0,80,prompt
4,5095,11,11.646409977676694,-12.324504158713601,-10.441371050747959,2.773974713821097,82.42225405369629,,,0.0,-1,-1,0,80,prompt
4,5109,8,28.40966700092875,36.24795055389404,-32.05895006656647,2.610105606022853,77.55326185733466,,,0.0,-1,-1,0,80,prompt
4,5399,8,28.5544243716256,-31.481399059295654,-9.582700252532959,2.4871303575574037,73.89933627508822,0.3378562033176422,230.15170288085938,230.15170288085938,6,13,1,80,prompt
4,5469,14,14.359594263138789,-9.356927565165929,-16.213968685695104,4.997362330913017,148.4850837264874,,,0.0,-1,-1,0,80,prompt
4,5759,6,-29.010435796730917,15.957781155904135,0.013855616251627604,1.5324057752801976,45.53189958588847,,,0.0,-1,-1,0,80,prompt
4,5789,10,10.872648494598304,-12.018911170959473,21.72206344604492,2.995126853656106,88.99327929166293,,,0.0,-1,-1,0,80,prompt
4,5869,7,3.7320235996550966,-22.32835623196193,3.050442559378488,1.212857927889413,36.03727307443222,,,0.0,-1,-1,0,80,prompt
4,5941,7,-1.0596144932108413,-14.121498107910156,-28.05773435320173,2.124957461269944,63.138204848605724,,,0.0,-1,-1,0,80,prompt
4,5953,7,-31.59647820274123,-17.894357136317662,8.021596091134208,2.300775186926696,68.36222263760077,,,0.0,-1,-1,0,80,prompt
4,6131,7,3.4880584961407193,-11.49672828401838,-5.830871173313686,2.1642240930857257,64.30492215400436,,,0.0,-1,-1,0,80,prompt
4,6443,7,-15.614152626321458,-8.89967155456543,-35.74867166791643,1.4635053812273933,43.48468345420376,,,0.0,-1,-1,0,80,prompt
5,521,6,-8.858522376888688,26.13750680287679,0.1878976821899414,1.0859937911200535,32.267798154920975,,,0.0,-1,-1,0,80,prompt
5,807,14,-24.962109846996093,-14.226409299033028,25.419738667351858,4.788739394802201,142.28633484969333,,,0.0,-1,-1,0,80,prompt
5,1115,8,-30.722916398754023,4.8670075088739395,-0.2714546322822571,2.836496402057154,84.2799416692261,,,0.0,-1,-1,0,80,prompt
5,1303,7,-20.336965644115047,25.194621222359793,31.03088923863002,1.9674575097610356,58.45845742623995,,,0.0,-1,-1,0,80,prompt
5,1365,8,-38.243814290999154,-1.2089574337005615,-20.749889612197876,1.8471549315536462,54.88394407003652,,,0.0,-1,-1,0,80,prompt
5,1383,6,-8.176970759576902,-27.541605949401855,16.02873929341634,0.8340030126303019,24.780473969740783,,,0.0,-1,-1,0,80,prompt
5,1611,8,-1.6942351966862326,-9.744407653808594,-8.281470537185669,2.306700955559248,68.53829317107107,,,0.0,-1,-1,0,80,prompt
5,1675,10,-12.589480361293052,38.97485980987549,14.274831962585449,1.963245129217704,58.333296263961344,,,0.0,-1,-1,0,80,prompt
5,1741,8,-32.84247209581157,27.45962405204773,1.6997513771057111,1.9217899966319774,57.10155271100594,,,0.0,-1,-1,0,80,prompt
5,2031,9,-30.167016904073712,0.6127546098497179,13.553019841512045,2.114189344243002,62.81825511263573,,,0.0,-1,-1,0,80,prompt
5,2053,6,-29.481862575776464,-24.904298782348633,-33.49223486582438,0.32671992553849827,9.707728254683582,,,0.0,-1,-1,0,80,prompt
5,2137,10,-24.563609112089985,-18.345674324035645,-20.340093040466307,2.7265239362859455,81.0123637538455,,,0.0,-1,-1,0,80,prompt
5,2313,6,-2.3046116408353066,-17.1309428413709,34.07881450653076,2.074514642254088,61.639412944197026,,,0.0,-1,-1,0,80,prompt
5,2389,8,-5.285210525927145,-20.06731367111206,13.545742154121399,1.69840250238301,50.46410907762665,,,0.0,-1,-1,0,80,prompt
5,3039,9,1.062685584281586,-3.587228880988226,-13.30766815609402,1.8749085911361167,55.708579986733525,,,0.0,-1,-1,0,80,prompt
5,3057,7,-0.24001233517825935,5.688980783735003,-9.03364508492606,1.658117980352926,49.26714751462032,,,0.0,-1,-1,0,80,prompt
5,3089,8,25.389367380144943,-44.118300437927246,36.14875030517578,3.883342921322081,115.3845690244004,,,0.0,-1,-1,0,80,prompt
5,3101,6,-9.107641483210493,27.09358819325765,10.593940416971842,1.3610347601047676,40.44000553225721,,,0.0,-1,-1,0,80,prompt
5,3301,6,-11.158285806260176,-22.313180605570476,-24.390148480733234,1.1123028132684003,33.04951000564956,,,0.0,-1,-1,0,80,prompt
5,3603,6,4.08818876764358,-4.48942502339681,-17.54054069519043,2.7156009502070932,80.68781244156048,,,0.0,-1,-1,0,80,prompt
5,3633,8,-19.144678663626784,-6.075964689254761,25.202312469482422,2.0864910010971407,61.99526279613765,,,0.0,-1,-1,0,80,prompt
5,3639,8,-38.520544018471476,-8.854143023490906,-10.13474440574646,1.1608694567002447,34.49255568430347,,,0.0,-1,-1,0,80,prompt
5,3671,8,-11.83926796477575,1.738959789276123,24.91133064031601,1.9872195263001182,59.04564012105044,,,0.0,-1,-1,0,80,prompt
5,3767,6,-11.90063621046192,0.08313735326131066,6.510966618855794,1.939014765230625,57.613346941277875,,,0.0,-1,-1,0,80,prompt
5,3777,9,-16.865681243911954,-18.662828233506943,-19.691899405585396,1.7187822625702833,51.06964659869331,,,0.0,-1,-1,0,80,prompt
5,3901,14,-16.32074732829547,-15.548692294529506,15.825993503843035,3.34727305593462,99.45649065535379,,,0.0,-1,-1,0,80,prompt
5,3925,7,2.299094415792186,31.600167955671036,-11.30211067199707,1.8820501203998943,55.92077404040613,,,0.0,-1,-1,0,80,prompt
5,4107,6,-10.958136021701149,53.92852465311686,32.530062675476074,1.6367868866620985,48.63334331493936,,,0.0,-1,-1,0,80,prompt
5,4163,6,-26.320014806041666,-2.064579963684082,-2.5371652046839395,0.6120833462707274,18.18664345316599,,,0.0,-1,-1,0,80,prompt
5,4245,6,0.8062085034879161,12.193499565124512,20.136278947194416,2.221749006583841,66.01414214477617,,,0.0,-1,-1,0,80,prompt
5,4283,6,-35.70929766950679,-9.611618041992188,-25.109203338623047,0.8901993024554947,26.450216975605088,,,0.0,-1,-1,0,80,prompt
5,4421,11,-6.96399933484584,2.4739714535799893,19.207794666290283,2.4485420987608424,72.75277525772451,,,0.0,-1,-1,0,80,prompt
5,4541,7,-24.301134775643856,-8.436475958142962,-28.691163744245255,0.9979505513732135,29.651796560541435,,,0.0,-1,-1,0,80,prompt
5,4591,8,38.802217687145635,-1.4964741468429565,29.836125135421753,1.382845224334261,41.08805312072138,,,0.0,-1,-1,0,80,prompt
5,4643,8,-19.52878006934027,5.119884490966797,-6.167135059833527,1.3009038068951018,38.65335308829494,,,0.0,-1,-1,0,80,prompt
5,4709,6,18.518330307250732,6.8727006912231445,-21.36486752827962,1.284095324398095,38.1539278384097,,,0.0,-1,-1,0,80,prompt
5,4759,6,-16.273525670756353,-16.484318415323894,26.882801691691082,1.6018743619007416,47.59599824787756,,,0.0,-1,-1,0,80,prompt
5,4951,6,-20.791884753512267,38.192443211873375,17.943843682607014,1.9182756271927472,56.99713133711397,0.37536588311195374,147.30841064453125,291.0650329589844,6,14,2,80,prompt
5,5203,10,-7.863263609249643,-7.443576812744141,-2.7703678131103517,3.0037856626727026,89.25055581008701,,,0.0,-1,-1,0,80,prompt
5,5931,10,-45.22165000445169,-6.695339488983154,-32.56886096000672,2.2530632879909884,66.94457371821096,,,0.0,-1,-1,0,80,prompt
5,6029,8,-28.003349346587907,7.4269514083862305,-38.04485058784485,1.7996991726109186,53.473905759160715,,,0.0,-1,-1,0,80,prompt
5,6137,8,-14.265165792435223,0.9941860437393188,-6.715713977813721,2.1766268385106073,64.67344109878044,,,0.0,-1,-1,0,80,prompt
5,6687,7,-18.597238121546898,-15.926769256591797,-5.503541673932757,0.6469733797372342,19.223320243329365,,,0.0,-1,-1,0,80,prompt
5,6721,9,-29.403656022156692,-11.063445727030436,-10.688415103488499,3.592452404530683,106.74142892750838,0.31051191687583923,80.29243469238281,80.29243469238281,6,14,1,80,prompt
5,6795,7,-13.763801089080433,-14.390705244881767,20.591194561549596,1.3503209034861665,40.12166801904432,,,0.0,-1,-1,0,80,prompt
5,6837,11,-22.48244392749987,-18.48675606467507,-7.857352863658559,1.243104552425115,36.93598168894385,,,0.0,-1,-1,0,80,prompt
6,315,7,-8.506227887256467,-25.052100045340403,-43.72321537562779,1.8140027398213512,53.898903234667074,,,0.0,-1,-1,0,80,prompt
6,351,6,-37.062749670131694,20.322500546773274,-5.79044246673584,1.0059306714268876,29.888907403392956,,,0.0,-1,-1,0,80,prompt
6,787,6,-13.114737213417754,-27.04739983876546,-22.333333492279053,2.2804033282658156,67.75691989214779,,,0.0,-1,-1,0,80,prompt
6,1179,8,-14.577127917757299,15.570961236953735,-1.3070554435253143,1.2385069372233053,36.79937416822037,,,0.0,-1,-1,0,80,prompt
6,1345,7,-3.6678238790038233,-15.036010469709124,-16.392032350812638,1.0153501619623642,30.168785816885052,,,0.0,-1,-1,0,80,prompt
6,1865,8,-14.657604433167002,-19.748620212078094,6.125720024108887,2.040095870989346,60.616738622306436,,,0.0,-1,-1,0,80,prompt
6,1875,6,-22.56700632109974,37.268693923950195,23.852901458740234,1.6920651403888853,50.27580899770614,,,0.0,-1,-1,0,80,prompt
6,2185,6,0.341448384595567,-14.65991242726644,4.452474594116211,2.291119760361466,68.0753339297149,,,0.0,-1,-1,0,80,prompt
6,2227,7,-19.76186239580671,-40.127698625837056,-16.162414823259628,1.3178317602261873,39.15632813817992,,,0.0,-1,-1,0,80,prompt
6,2615,11,-24.39086488890447,3.328019835732201,10.439653526652943,2.8875258719028514,85.796164548581,,,0.0,-1,-1,0,80,prompt
6,2859,7,3.141336181258012,-15.24583285195487,7.671772548130581,1.182032330027412,35.12136160426634,,,0.0,-1,-1,0,80,prompt
6,3399,11,-23.47605745545102,-13.312076958743008,9.709965272383256,1.7909334114086501,53.213451403471176,,,0.0,-1,-1,0,80,prompt
6,3487,7,-25.90051241356374,-5.863173007965088,17.417394365583146,1.191441243074757,35.40092573211996,,,0.0,-1,-1,0,80,prompt
6,3573,7,-29.14096933097184,-13.092176369258336,-10.633052280970983,0.6661108626742285,19.791946364080278,,,0.0,-1,-1,0,80,prompt
6,3715,11,-22.726200346149042,-13.417888272892345,-10.239825465462424,2.9156077247107013,86.63055196923592,,,0.0,-1,-1,0,80,prompt
6,4069,6,-17.300178209349653,-28.008098761240642,-6.059800465901692,0.4090439106610665,12.153795402548228,,,0.0,-1,-1,0,80,prompt
6,4079,12,-20.779253558767326,-4.260796070098877,-8.620897769927979,1.5141050523784505,44.98813585766894,,,0.0,-1,-1,0,80,prompt
6,4185,7,-19.28782956533168,-3.163182939801897,3.0081544603620256,1.411796584792528,41.948275953684565,,,0.0,-1,-1,0,80,prompt
6,4293,20,-36.522785509837284,27.779010009765624,-42.471860027313234,7.76083966558249,230.59543239509773,,,0.0,-1,-1,0,80,prompt
6,4323,7,-45.740261156915395,52.09158270699637,41.069471631731304,2.0426026648553903,60.69122221433699,,,0.0,-1,-1,0,80,prompt
6,4407,6,16.01050956946018,3.8428004582722983,0.1555668512980143,1.346032576662149,39.99425028838031,,,0.0,-1,-1,0,80,prompt
6,4419,7,-45.85156841431848,-21.215897696358816,-20.282399586268834,0.9280848413809473,27.575898294442165,,,0.0,-1,-1,0,80,prompt
6,4613,9,-2.769697140808269,-5.043674363030329,14.010835223727756,1.8385938218339608,54.62957046065147,,,0.0,-1,-1,0,80,prompt
6,5793,7,-11.99208045525428,32.26922716413225,8.8581908089774,1.6698723995436564,49.616402942207664,,,0.0,-1,-1,0,80,prompt
6,6185,7,-35.78826755823008,-29.739470618111746,-30.04115813119071,0.6153482353910146,18.28365209538205,,,0.0,-1,-1,0,80,prompt
6,6373,6,-12.669992714292192,20.604243834813435,31.9449520111084,1.5768778448346426,46.85328445534929,,,0.0,-1,-1,0,80,prompt
6,6481,13,-22.941162925717226,-6.957969372089092,3.802762985229492,3.003913148981266,89.25434377140495,,,0.0,-1,-1,0,80,prompt
7,155,7,-25.741311581696028,-41.71127101353237,-36.635471888950896,2.5522393671979824,75.83390017253204,,,0.0,-1,-1,0,80,prompt
7,195,8,-16.51916822178497,10.031925678253174,-10.320700407028198,2.147326924571951,63.80286180388962,,,0.0,-1,-1,0,80,prompt
7,787,9,-14.081054412057204,13.927071889241537,-0.8688157399495443,1.7182000137981326,51.0523464207279,,,0.0,-1,-1,0,80,prompt
7,795,8,-27.316485914957312,-11.19584971666336,-29.343125224113464,2.494623742097045,74.12198489591779,,,0.0,-1,-1,0,80,prompt
7,997,8,-22.072917239688984,34.44663763046265,8.581739902496338,3.6457159023033094,108.32403078877651,,,0.0,-1,-1,0,80,prompt
7,1199,23,-30.73944287141655,-23.545985553575598,22.96558137561964,8.008151396149922,237.94372947427686,,,0.0,-1,-1,0,80,prompt
7,1263,9,-2.657284278691443,-23.124541295899284,-8.973320325215658,2.978528943925007,88.50011072534512,,,0.0,-1,-1,0,80,prompt
7,1635,6,-20.473067553891443,-8.050479888916016,-15.660710970560709,0.7047528974864037,20.940105211589618,,,0.0,-1,-1,0,80,prompt
7,1669,8,-26.427805330457005,-23.299283504486084,-17.9288849234581,1.6868687000086557,50.12140876937666,,,0.0,-1,-1,0,80,prompt
7,1689,9,-40.49984771534806,-1.8444203270806208,19.52562353346083,1.948927057262984,57.90786781346712,,,0.0,-1,-1,0,80,prompt
7,1713,6,-26.99052484854646,5.91200065612793,-9.302163124084473,2.2546042688168155,66.99036040562571,,,0.0,-1,-1,0,80,prompt
7,1757,7,-12.39616055157903,-8.400846890040807,-24.58701487949916,2.8899361546668865,85.86778053604071,,,0.0,-1,-1,0,80,prompt
7,2079,12,-3.045372425099091,30.049587567647297,14.071124712626139,2.9582138958724653,87.89649597595428,,,0.0,-1,-1,0,80,prompt
7,2099,7,-23.264935270933826,27.391827174595424,10.782230172838483,1.8786920634944653,55.82099713256086,,,0.0,-1,-1,0,80,prompt
7,2623,10,-12.207449948147032,-18.789074772596358,10.429220008850098,1.804515679829206,53.617017150774785,,,0.0,-1,-1,0,80,prompt
7,2839,6,-33.743000362320096,-4.046023686726888,-18.76913070678711,0.7635219078417274,22.686290668095978,,,0.0,-1,-1,0,80,prompt
7,2887,6,-32.585173754498946,-29.58309268951416,-23.798948605855305,0.575275019564197,17.092969008340916,,,0.0,-1,-1,0,80,prompt
7,2897,7,-42.081659910031284,10.174446650913783,0.4942357199532645,0.5546513690863413,16.480184850384784,,,0.0,-1,-1,0,80,prompt
7,2905,8,-17.387927041955084,19.294828295707703,29.447046637535095,2.1324942241479636,63.36214235660806,,,0.0,-1,-1,0,80,prompt
7,3047,6,-18.304079635488506,-3.6949996948242188,18.547428448994953,1.2279616934185673,36.48604659547728,,,0.0,-1,-1,0,80,prompt
7,3339,8,-13.785632210400006,-13.367816686630249,4.465175747871399,1.6759410566948996,49.79671907810909,,,0.0,-1,-1,0,80,prompt
7,3397,9,23.974604935106854,28.128187974294026,14.04568756951226,2.8221050867580217,83.85233696185732,,,0.0,-1,-1,0,80,prompt
7,3707,14,7.655888400273641,-21.94434063775199,-18.961377331188746,3.3360032661009242,99.1216348701959,,,0.0,-1,-1,0,80,prompt
7,3917,11,-16.507575078342025,20.177219650962137,0.34302763505415484,2.9105379322834457,86.4799147924236,,,0.0,-1,-1,0,80,prompt
7,4021,6,-51.62501187258675,16.14715067545573,-8.961846351623535,1.4294296823060577,42.472202734910255,0.2541755735874176,137.64186096191406,210.74542236328125,5,5,2,80,prompt
7,4025,8,-21.062716126509088,17.296064794063568,7.64408278465271,2.3327568225656536,69.31248310124282,,,0.0,-1,-1,0,80,prompt
7,4199,6,-30.349666982672915,7.22372563680013,14.898616472880045,1.5448191568249958,45.90073455841114,,,0.0,-1,-1,0,80,prompt
7,4221,7,-31.86406113624643,-0.12668548311505998,-2.814168248857771,1.8848004006933352,56.002492269464014,,,0.0,-1,-1,0,80,prompt
7,4245,6,-11.724034654875917,34.746857325236,-8.706344604492186,1.6532219993022053,49.1216747415651,,,0.0,-1,-1,0,80,prompt
7,4405,6,-49.9434152580509,-21.698886235555012,-22.51955525080363,0.32675274264683396,9.708703339289462,,,0.0,-1,-1,0,80,prompt
7,4699,6,-22.71874404545514,-4.577180544535319,-10.424519379933676,1.312323721720592,38.992669490974606,,,0.0,-1,-1,0,80,prompt
7,4979,8,-19.58400201491368,22.880133628845215,11.56540048122406,2.484419251613837,73.81878202139087,,,0.0,-1,-1,0,80,prompt
7,5019,6,-14.018995061712564,-10.091968854268393,22.088539759318035,1.924631015854127,57.18596703783191,,,0.0,-1,-1,0,80,prompt
7,5263,7,-37.521153141589004,-27.653115136282786,-29.981774466378347,1.0101314485313113,30.01372379627449,,,0.0,-1,-1,0,80,prompt
7,5355,13,-24.155053156767693,-1.579611558180589,-13.259026747483473,1.78144314845194,52.931470150881864,,,0.0,-1,-1,0,80,prompt
7,5409,7,14.779436042795073,-10.629723140171595,-16.752294744764054,3.2702861221135175,97.1690016646999,,,0.0,-1,-1,0,80,prompt
7,5443,7,-27.016534542381482,36.24003274100168,30.128253391810826,2.500460964953697,74.29542449609217,0.5380436778068542,92.2887954711914,176.36810302734375,4,15,2,80,prompt
7,5787,6,-24.308484678527254,0.09237527847290039,-11.785579522450766,1.3088959536059943,38.89082127549849,,,0.0,-1,-1,0,80,prompt
7,5875,9,6.729696413069476,-10.897170490688747,-20.565401289198135,2.975465176123088,88.40907793875442,,,0.0,-1,-1,0,80,prompt
7,5895,6,-8.419024647486228,-8.68786851565043,0.1601861317952468,1.908588598755398,56.709303652560656,,,0.0,-1,-1,0,80,prompt
7,6137,8,-17.993237310873006,9.013491094112396,8.533243417739868,1.7453828184999416,51.86002070263882,,,0.0,-1,-1,0,80,prompt
7,6501,10,-39.37363254072235,-8.363631868362427,4.498744630813599,2.2147388675392783,65.80585204811311,,,0.0,-1,-1,0,80,prompt
7,6503,6,12.532903912500762,-0.9607000350952148,1.9952996571858723,0.8479864932101466,25.195960810036926,,,0.0,-1,-1,0,80,prompt
8,505,6,-38.851648305213814,-5.274612029393514,-11.212855021158854,0.8424249344097139,25.030711930838443,,,0.0,-1,-1,0,80,prompt
8,565,10,19.83949419579726,27.136080169677733,39.121860122680665,4.435441018991787,131.7888893096464,0.2135218232870102,166.63653564453125,321.8013916015625,1,14,2,80,prompt
8,785,7,-23.56557491316004,10.855382101876396,-16.114907809666224,1.7195849718492089,51.09349725161715,0.7999368906021118,43.61294937133789,43.61294937133789,4,7,1,80,prompt
8,995,6,-10.764892752254744,-3.177699406941732,-40.520500342051186,1.6945537600597746,50.34975258548833,,,0.0,-1,-1,0,80,prompt
8,1317,9,-37.57301816473186,26.376141442192925,28.463464101155598,3.6065356659979773,107.15988052650044,,,0.0,-1,-1,0,80,prompt
8,1335,8,-3.4519396283543937,30.17544937133789,-7.241148948669434,2.5370354740617227,75.38215159081699,,,0.0,-1,-1,0,80,prompt
8,1411,7,0.5947042483481246,19.28790065220424,-3.9372431891305086,2.5128195439128778,74.66263113631172,,,0.0,-1,-1,0,80,prompt
8,1431,7,-36.0064623085804,-31.323042188371932,-29.97781481061663,1.8598023053042405,55.25973158071198,,,0.0,-1,-1,0,80,prompt
8,1477,9,-33.93072130666329,-5.019041379292806,14.16577402750651,1.5519719502848852,46.11326330166439,,,0.0,-1,-1,0,80,prompt
8,1585,13,-36.55169744980504,13.084563695467436,2.6209151561443624,3.4248624269980694,101.76187967775371,,,0.0,-1,-1,0,80,prompt
8,1683,8,-1.2529162797966507,34.63023281097412,3.5911300778388973,3.2903379176483116,97.76479447332467,,,0.0,-1,-1,0,80,prompt
8,1759,6,-24.974943626086816,-28.294461488723755,-18.916930039723713,0.8132069282097233,24.16256633529304,,,0.0,-1,-1,0,80,prompt
8,1773,8,-36.24330474710446,5.092172145843506,-7.75950026512146,2.006748842227333,59.62590865443968,,,0.0,-1,-1,0,80,prompt
8,1839,13,-19.469329703680028,8.970323058275076,-32.03472731663631,4.677430079959153,138.97903555066728,,,0.0,-1,-1,0,80,prompt
8,1861,8,-25.855731893786142,-6.917731607332826,-18.583593130111694,1.1831517889800143,35.154623742430154,,,0.0,-1,-1,0,80,prompt
8,1941,7,-20.739854019746954,3.432391575404576,22.643179757254465,1.0091816356531529,29.985502299533024,,,0.0,-1,-1,0,80,prompt
8,2141,7,-15.341563983662386,-3.3611296926225935,-0.0877279554094587,1.1550999695507989,34.32112869428014,,,0.0,-1,-1,0,80,prompt
8,2259,6,-41.24366627430832,4.512519200642903,-32.2959779103597,0.7523490574743851,22.354315215366444,,,0.0,-1,-1,0,80,prompt
8,2407,7,-36.69402580161698,3.808490208217076,-23.20139013017927,0.5518500079034107,16.396948870631523,,,0.0,-1,-1,0,80,prompt
8,3019,8,-15.989689445769375,26.99197518825531,4.3982561230659485,6.829824530624766,202.93246719249896,,,0.0,-1,-1,0,80,prompt
8,3081,11,3.911872453054508,4.937864260240034,-13.388973192735152,4.232102991406616,125.7471692878671,0.47571131587028503,89.81105041503906,137.494384765625,1,4,2,80,prompt
8,3323,10,-12.432549748130786,-13.845164668560027,-16.304269981384277,2.654121343068018,78.86108785986515,,,0.0,-1,-1,0,80,prompt
8,3613,6,-34.818463519376316,-13.334330399831137,10.21058432261149,1.015131821500199,30.162298334157427,,,0.0,-1,-1,0,80,prompt
8,3709,9,-45.89794647232752,-4.738837507035997,29.895276811387802,2.575115397951419,76.51360861006955,,,0.0,-1,-1,0,80,prompt
8,3911,8,-24.85824801113418,-0.7135963439941406,-1.0611072778701782,1.6066128890468805,47.736792641688524,,,0.0,-1,-1,0,80,prompt
8,3953,7,-18.35777024922376,-6.488683700561523,1.3124723775046212,1.456546412398947,43.27791376237054,,,0.0,-1,-1,0,80,prompt
8,4273,13,-12.083676468478567,-24.052317986121544,7.496373763451209,3.3807334479765823,100.45068895135049,0.39896735548973083,93.15010070800781,93.15010070800781,4,0,1,80,prompt
8,4553,14,-9.64500508261368,39.563552720206125,1.8812097140720911,4.112097993727209,122.18149784999716,,,0.0,-1,-1,0,80,prompt
8,5301,10,-16.79079306792416,-2.8737862586975096,-44.095371341705324,2.4390370054468145,72.47035335530788,,,0.0,-1,-1,0,80,prompt
8,5519,8,25.138314978509896,-17.957699060440063,-17.698050022125244,3.09725219698431,92.02769808112743,,,0.0,-1,-1,0,80,prompt
8,5705,7,1.0537974180969212,-43.172115325927734,8.160158566066197,1.8754515580564135,55.72471299516525,,,0.0,-1,-1,0,80,prompt
8,6165,7,-47.22526485331629,-21.2475688798087,-25.71404893057687,1.1740455942679655,34.88405419099216,,,0.0,-1,-1,0,80,prompt
8,6689,6,-24.29963056104717,-20.691999157269795,-12.173555056254068,0.9975796109955481,29.640774923648216,0.76349276304245,34.717979431152344,34.717979431152344,4,11,1,80,prompt
8,6837,6,-34.271220022239326,-31.181180000305176,-23.207749048868816,0.3320272203402564,9.865422266207503,,,0.0,-1,-1,0,80,prompt
8,6839,7,-0.4262393025177969,16.750227246965682,19.047212600708008,1.7216449269440026,51.15470406122373,,,0.0,-1,-1,0,80,prompt
8,6929,6,-45.06005956172638,-9.800986766815186,-21.84521770477295,1.4112918087497335,41.93327769900252,,,0.0,-1,-1,0,80,prompt
9,159,8,-32.91764969741192,-29.38910549879074,-13.030700623989105,1.8026046722540332,53.560235972822916,,,0.0,-1,-1,0,80,prompt
9,229,6,-24.057501934587105,-1.3856244881947841,-23.461779594421387,1.5697966937636147,46.642884400272756,,,0.0,-1,-1,0,80,prompt
9,469,8,-14.198714290157426,-3.325499475002289,-16.694576025009155,0.9880431186400074,29.357420071207336,,,0.0,-1,-1,0,80,prompt
9,483,7,-18.501792593982742,15.64964498792376,7.75886903490339,1.3113168740328016,38.96275333654718,,,0.0,-1,-1,0,80,prompt
9,549,7,-1.7915991936161253,-6.872699533190046,-18.449414457593644,2.2162086406475168,65.84952296260451,,,0.0,-1,-1,0,80,prompt
9,613,6,-8.569372031033309,0.29560065269470215,-16.561367352803547,0.9876931179161688,29.347020607782003,,,0.0,-1,-1,0,80,prompt
9,805,7,-20.493202586849474,4.893236705235073,-6.495971952165875,2.423481939359768,72.0081704801502,,,0.0,-1,-1,0,80,prompt
9,1035,9,-31.78440976216406,1.6504334343804254,7.317707697550456,2.6669545307296563,79.24239640189916,,,0.0,-1,-1,0,80,prompt
9,1045,10,-8.415113055033435,-6.06903715133667,-9.8148854970932,1.7760824148818484,52.77218832973662,,,0.0,-1,-1,0,80,prompt
9,1211,10,-31.28100288708408,-16.03445177078247,-14.642403411865235,1.1567307085832736,34.36958233957124,,,0.0,-1,-1,0,80,prompt
9,1267,8,-26.94361406594821,-7.41655695438385,1.9987635612487793,1.8131236393871903,53.872782794937706,,,0.0,-1,-1,0,80,prompt
9,1369,7,-14.698080076629408,-6.979590824672154,-26.443751743861608,1.5180449719570703,45.10520147144045,,,0.0,-1,-1,0,80,prompt
9,1515,8,23.32365806266337,18.56737518310547,21.344449758529663,1.9625500206507254,58.31264271776391,,,0.0,-1,-1,0,80,prompt
9,1677,6,-26.068633503842218,-17.46349302927653,-16.832403024037678,1.3871381689349138,41.21560805795655,,,0.0,-1,-1,0,80,prompt
9,1705,9,3.8365697481876513,-12.045699463950264,-10.462656021118164,3.0004388213935025,89.15111214868044,,,0.0,-1,-1,0,80,prompt
9,1735,6,17.690317284928422,5.394700686136882,-8.49073338508606,1.2578968596465252,37.375500945470854,,,0.0,-1,-1,0,80,prompt
9,1801,7,-32.79456486870208,6.734138216291155,-17.394902774265837,1.6551890050051326,49.18011977459442,,,0.0,-1,-1,0,80,prompt
9,1899,6,-24.826061321898795,-20.437968571980793,6.3230686982472735,1.8920909820563618,56.21911506213353,,,0.0,-1,-1,0,80,prompt
9,1995,7,-19.15708541601113,3.2542398316519603,-6.4418072019304535,2.5945535998844056,77.09116990148475,,,0.0,-1,-1,0,80,prompt
9,2013,14,-12.232398426905162,4.33502687726702,-7.158550160271781,4.422287673408149,131.3980680141425,,,0.0,-1,-1,0,80,prompt
9,2121,8,6.803835949576412,14.749978065490723,-6.281603455543518,1.8665959920607824,55.46159029738269,,,0.0,-1,-1,0,80,prompt
9,2207,9,-35.513594462752835,-1.3486744032965765,-18.34826448228624,1.6525298757317652,49.10110988764806,,,0.0,-1,-1,0,80,prompt
9,2439,6,-38.14567660385969,8.332225799560547,-19.110917727152508,1.3245135951257683,39.35486343516519,,,0.0,-1,-1,0,80,prompt
9,2541,9,-24.669633151682927,-4.196903652615018,-5.019532521565755,1.3527240995950682,40.19307344290846,,,0.0,-1,-1,0,80,prompt
9,2859,10,-32.56552495233148,-21.8374493598938,-29.017882919311525,1.4153273376020876,42.05318412159987,,,0.0,-1,-1,0,80,prompt
9,2913,6,-36.53325959688385,-15.990111668904623,5.005253314971924,1.5858454894948866,47.11973731188299,,,0.0,-1,-1,0,80,prompt
9,3067,6,-9.784464816538174,-8.72019894917806,-32.753233909606934,1.092350613498809,32.45667645524056,,,0.0,-1,-1,0,80,prompt
9,3091,6,-6.288632438879574,19.24171257019043,-2.8650968074798584,1.628751034122427,48.394576509941906,,,0.0,-1,-1,0,80,prompt
9,3507,8,-13.408470311491055,11.625394552946092,24.724271774291992,1.933361586326986,57.44537578224561,,,0.0,-1,-1,0,80,prompt
9,3771,6,-23.27079056512697,-1.1962560017903645,-4.854306538899739,0.9478267389133781,28.162483199420862,,,0.0,-1,-1,0,80,prompt
9,3899,8,-14.75378044640051,5.642958402633667,8.011272668838501,2.2335197804076814,66.36388351252671,,,0.0,-1,-1,0,80,prompt
9,4117,6,-14.152032768558755,-9.925692637761435,-26.088377952575684,0.8900779350038035,26.446610821991897,,,0.0,-1,-1,0,80,prompt
9,4151,10,-36.78845285907296,-22.30856137275696,-20.322583770751955,0.7037254224171389,20.909576162146298,,,0.0,-1,-1,0,80,prompt
9,4157,9,9.924425039169828,14.11182067129347,22.554542647467724,1.599183817918628,47.51605494539123,,,0.0,-1,-1,0,80,prompt
9,4283,7,-12.682774694021674,2.3595215933663503,14.925967829568046,0.958014549129208,28.465190458314122,,,0.0,-1,-1,0,80,prompt
9,4359,12,-16.772815629688854,-2.713515599568685,3.3732609351476035,3.656773053261337,108.65256850068566,,,0.0,-1,-1,0,80,prompt
9,4361,10,-7.409587126231808,25.833593022823333,14.902016639709473,2.834627993964503,84.22442623654347,,,0.0,-1,-1,0,80,prompt
9,4565,6,7.349874781252886,20.479537963867188,17.457403818766277,2.026096241157581,60.20077194427496,,,0.0,-1,-1,0,80,prompt
9,4583,6,-25.165646068876015,19.001538038253784,-11.351417541503906,1.4140875504982398,42.01634671023605,,,0.0,-1,-1,0,80,prompt
9,4633,10,-30.078279098492487,-16.79654541015625,0.44440555572509766,1.6505993073284209,49.043747504849215,,,0.0,-1,-1,0,80,prompt
9,5221,7,-16.732861084522305,5.142648696899414,-25.06478418622698,1.5920707712453765,47.304707186135374,,,0.0,-1,-1,0,80,prompt
9,5561,10,-0.6785371480460156,37.755510330200195,22.931334495544434,3.4523587333192958,102.57886893647142,,,0.0,-1,-1,0,80,prompt
9,5599,6,-3.8159947291587777,-3.103799343109131,-11.610067049662272,1.1974846718323475,35.580492264551474,,,0.0,-1,-1,0,80,prompt
9,5883,6,-24.560783024724994,-7.75950026512146,21.86074988047282,2.004935573241808,59.57203155301981,,,0.0,-1,-1,0,80,prompt
9,5907,7,-0.9150836704892148,8.119763333882604,24.930179868425643,2.003672526973811,59.5345030492942,,,0.0,-1,-1,0,80,prompt
9,5927,6,-15.488603200363825,-17.731380303700764,-5.6117814381917315,0.5054474841082734,15.0182050104515,,,0.0,-1,-1,0,80,prompt
9,5931,9,-38.044327154000634,-33.03329849243164,-29.91781234741211,0.458694345287171,13.629043434276747,,,0.0,-1,-1,0,80,prompt
9,6519,8,-24.91650827791652,-5.431649923324585,-8.723612546920776,3.342704586656469,99.32074913845958,,,0.0,-1,-1,0,80,prompt
0,188,9,-4.68925349708217,8.35993766784668,11.79271772172716,3.202445911384661,95.15328643272944,,,0.0,-1,-1,0,80,delayed
0,640,6,-34.0906872991878,11.727005958557129,-8.429219086964926,0.8760147620429688,26.028756106588833,,,0.0,-1,-1,0,80,delayed
0,852,11,-23.07796086452246,-28.97467769276012,-8.993565385991877,3.3288730803773197,98.90977786362951,,,0.0,-1,-1,0,80,delayed
0,1152,6,-16.91297851868738,-5.92585563659668,-1.8059320449829113,1.6804683977740247,49.931238565526264,,,0.0,-1,-1,0,80,delayed
0,1214,12,-35.33679209033746,27.137465794881184,-1.7474621136983235,3.8265113571049807,113.69595030670547,,,0.0,-1,-1,0,80,delayed
0,1286,6,-42.43210632951497,-26.636330604553223,2.3324673970540366,0.7673625363364447,22.800406076553106,,,0.0,-1,-1,0,80,delayed
0,1376,10,-31.775041838709534,-34.906664562225345,5.280237197875977,2.77185488643405,82.35926827715888,,,0.0,-1,-1,0,80,delayed
0,1672,9,-34.99158536685603,40.69118785858154,11.93337885538737,3.716967189455593,110.44109828115782,,,0.0,-1,-1,0,80,delayed
0,1870,8,8.04707332005406,30.428324222564697,-14.483399510383606,3.5136803588281897,104.40089945877475,,,0.0,-1,-1,0,80,delayed
0,1876,6,-17.52674086924747,-14.396643002827963,-17.545161565144856,0.6398850831667213,19.012707876233204,,,0.0,-1,-1,0,80,delayed
0,2260,7,15.866962755697958,38.338263920375276,-6.906440189906529,2.2875492088348786,67.96924323481063,,,0.0,-1,-1,0,80,delayed
0,2330,12,-21.89363624532837,31.061094045639038,43.879066149393715,2.5268742522151406,75.08023434392857,,,0.0,-1,-1,0,80,delayed
0,2606,8,-12.918513983225065,12.456768870353699,15.095280647277832,2.0430061805311714,60.70321175100369,,,0.0,-1,-1,0,80,delayed
0,2726,6,14.891722418623571,8.129000027974447,-7.545567512512207,1.6446533131539431,48.86707601609742,,,0.0,-1,-1,0,80,delayed
0,2974,6,-5.371145558450888,-34.580580393473305,-14.53520647684733,0.6570344714150844,19.52226235343498,,,0.0,-1,-1,0,80,delayed
0,3030,6,-25.70271984627534,-5.182237625122069,19.212528864542644,1.7410068313410036,51.72999834751329,,,0.0,-1,-1,0,80,delayed
0,3216,7,27.845562174023787,-20.99815695626395,-9.694785799298968,1.9456427712134803,57.81028283628314,,,0.0,-1,-1,0,80,delayed
0,3604,6,-13.947627996825647,-18.622798919677734,-13.53146775563558,0.4281606037531252,12.721803801056586,,,0.0,-1,-1,0,80,delayed
0,3900,7,-15.974494758007708,-19.521475655691965,-10.609298978533063,0.9101468159127726,27.04291128306347,,,0.0,-1,-1,0,80,delayed
0,4026,7,5.3851506205212205,-9.141165358679634,-16.84730965750558,1.5433091900624427,45.85586938228115,0.6904173493385315,45.00193405151367,45.00193405151367,4,7,1,80,delayed
0,4234,7,-23.25962667378254,-20.376605442592076,12.40539060320173,1.9782026891467033,58.77772562315804,,,0.0,-1,-1,0,80,delayed
0,4622,14,-19.16241337984626,14.390705926077706,-9.557484422411237,4.41173952324644,131.08465408571217,,,0.0,-1,-1,0,80,delayed
0,4784,8,19.541198381173736,25.613278329372406,-19.015496373176575,4.109359322925773,122.10012457019015,,,0.0,-1,-1,0,80,delayed
0,5684,6,-38.98694820793764,-27.952674229939777,16.88320763905843,1.3919715378341133,41.3592204554886,,,0.0,-1,-1,0,80,delayed
0,5832,9,3.0629115068822728,-22.6380328602261,-20.90201187133789,2.6858051790949524,79.80249989559724,,,0.0,-1,-1,0,80,delayed
0,5888,6,-1.5121802048420439,-27.13515631357829,-5.066768964131673,1.6755209268956817,49.78423589112324,,,0.0,-1,-1,0,80,delayed
0,6282,6,-15.134249603342928,22.096100489298504,-7.848933696746826,2.355059234319724,69.97514777458873,,,0.0,-1,-1,0,80,delayed
0,6284,12,7.852062142727326,-30.038040300210316,8.829682370026907,4.523089076988705,134.39314899072474,,,0.0,-1,-1,0,80,delayed
0,6546,8,-14.430853791371787,-10.19819962978363,-34.88562536239624,1.7571402350539431,52.20936518995542,,,0.0,-1,-1,0,80,delayed
0,6874,6,-30.190066923386464,-58.325575510660805,45.91519991556803,2.0208323431478474,60.0443673682313,,,0.0,-1,-1,0,80,delayed
1,39,6,-14.827864319337403,0.7620944976806641,9.665572881698608,1.0403480450306828,30.911540197015437,,,0.0,-1,-1,0,80,delayed
1,201,8,-14.760066061903055,-20.663132667541504,10.712138891220093,1.6407137814386337,48.750021926788676,,,0.0,-1,-1,0,80,delayed
1,555,6,-5.66295665844319,-40.32630570729574,3.7180933952331543,1.042369995205971,30.97161777818486,,,0.0,-1,-1,0,80,delayed
1,621,9,-18.39552507111608,38.387971030341255,18.924067815144856,3.464663094784224,102.94446462902691,,,0.0,-1,-1,0,80,delayed
1,801,7,-12.714259327317043,28.318216460091726,-0.8082526070731026,1.5961413854411894,47.42565608870835,,,0.0,-1,-1,0,80,delayed
1,841,7,-30.676933285953265,-4.996167591639927,24.197777884347097,1.2314266949958275,36.58900111733159,,,0.0,-1,-1,0,80,delayed
1,845,7,-25.03659184314506,-13.100094420569283,-4.608823912484305,0.7076875249641159,21.027300891606384,,,0.0,-1,-1,0,80,delayed
1,1209,9,-52.73573894706238,-14.010208143128288,-24.085870530870224,2.4687223816541213,73.35238577155434,,,0.0,-1,-1,0,80,delayed
1,1423,9,-10.710184601907496,6.105987389882405,30.714334593878853,2.584028613198405,76.77844422225523,,,0.0,-1,-1,0,80,delayed
1,1711,8,-18.123692911959814,-34.53323936462402,13.052742004394531,1.7345220595925672,51.537318327083824,,,0.0,-1,-1,0,80,delayed
1,2021,6,-29.73642311785183,0.4526386260986328,-20.071617126464844,0.8723869834602019,25.92096504183631,,,0.0,-1,-1,0,80,delayed
1,2051,7,-32.496103077896336,-24.22864259992327,49.812046323503765,2.354330858475339,69.95350576805086,,,0.0,-1,-1,0,80,delayed
1,2153,8,-5.852694994003691,-17.514299035072327,-26.726500511169434,1.2280600537527007,36.488969145711195,,,0.0,-1,-1,0,80,delayed
1,3257,10,-27.020071212214287,-25.290426683425903,-1.6674107074737534,1.8459032001480407,54.84675176132304,,,0.0,-1,-1,0,80,delayed
1,3331,15,-13.743437437728938,49.3633529663086,24.106639035542806,4.677566121107565,138.9830776992998,,,0.0,-1,-1,0,80,delayed
1,3521,10,5.5950157235518025,4.672328042984009,5.767976951599121,3.0338623080536045,90.14421388646251,,,0.0,-1,-1,0,80,delayed
1,3681,6,-38.49649759167434,-10.881774385770163,17.46517054239909,1.2184922785606334,36.2046847960089,,,0.0,-1,-1,0,80,delayed
1,3765,6,-18.430405493252525,-13.879343350728353,-4.801823218663533,1.850751005948707,54.990793118050156,,,0.0,-1,-1,0,80,delayed
1,4063,7,-13.94134988715538,-19.6481614112854,-4.553398949759347,0.7584696655935768,22.536174954335817,,,0.0,-1,-1,0,80,delayed
1,4085,6,-36.40907600751776,7.870350519816081,12.57076644897461,0.8531618485386484,25.349734544735586,,,0.0,-1,-1,0,80,delayed
1,4123,6,2.0438577354167755,-37.41649301846822,-18.054693698883057,0.8626889045846845,25.632809019026134,,,0.0,-1,-1,0,80,delayed
1,4157,12,0.39694825767616315,-1.4710715611775715,-16.458180904388428,4.149182506064196,123.2833785131724,,,0.0,-1,-1,0,80,delayed
1,4261,7,-39.0795819392361,-35.72932924543108,-27.044249262128556,0.4764913465440149,14.157840236813184,0.6542059183120728,41.166011810302734,41.166011810302734,2,6,1,80,delayed
1,4425,8,-34.632139468819545,-17.226782143115997,-10.034286975860596,0.6607350820404289,19.632217454177695,,,0.0,-1,-1,0,80,delayed
1,4567,7,-19.48777914445738,6.381792885916574,-10.914136341639928,1.5503909479026654,46.0662874661034,,,0.0,-1,-1,0,80,delayed
1,4595,6,-39.46056244431008,-18.72902997334798,-26.263890584309895,0.5671359912868497,16.85113657451109,,,0.0,-1,-1,0,80,delayed
1,4707,7,-6.92067015915493,10.039843150547572,-38.09235763549805,2.2382184452187186,66.50349348908448,,,0.0,-1,-1,0,80,delayed
1,5411,11,16.469816098438944,-13.097934982993387,-15.656471772627397,3.959095236755298,117.63537418015171,,,0.0,-1,-1,0,80,delayed
1,5429,9,-25.09265308362724,12.5876341925727,-2.023503197564019,2.7763830945622434,82.49381352693729,,,0.0,-1,-1,0,80,delayed
1,5497,6,-20.465085291480666,-15.874642928441366,-9.648569742838541,0.9593726424318665,28.505543065229606,,,0.0,-1,-1,0,80,delayed
1,5651,7,-14.089830729737912,-19.062240736825125,-3.5332555770874023,2.0842636427795536,61.92908198626723,,,0.0,-1,-1,0,80,delayed
1,5675,6,2.243015737426775,-30.59459940592448,-38.673000971476235,1.0531238328903048,31.291143236457486,,,0.0,-1,-1,0,80,delayed
1,5709,6,-8.154692943932483,-21.869780858357746,-18.23797384897868,0.9257428378312207,27.50631106619223,,,0.0,-1,-1,0,80,delayed
1,5815,8,9.994356483978038,-0.05542457103729248,-9.816050291061401,3.1222120986198068,92.76932393067325,,,0.0,-1,-1,0,80,delayed
1,5921,6,2.254057312233757,-12.193499247233072,-12.045700550079346,0.992630709144808,29.493729731204244,,,0.0,-1,-1,0,80,delayed
1,6357,9,-5.423701590526284,22.98905869325002,34.53558010525174,2.121983193025875,63.04983133473947,,,0.0,-1,-1,0,80,delayed
1,6609,7,-25.141159956321527,1.8725738525390625,3.513636997767857,2.074827673779218,61.648713953237426,,,0.0,-1,-1,0,80,delayed
2,458,17,-8.671438826149949,13.523700265323415,-18.956347325268915,6.710485324803167,199.38657822250002,,,0.0,-1,-1,0,80,delayed
2,482,6,-26.688070732006462,-1.5565179189046223,-23.4663987159729,0.971306576806886,28.86013237205248,,,0.0,-1,-1,0,80,delayed
2,492,6,-8.513894752417196,-6.369255701700848,15.2620267868042,1.1267345579229775,33.478315977971896,,,0.0,-1,-1,0,80,delayed
2,540,6,2.5126237603253947,16.18410001198451,-42.663600285847984,2.2762949796609355,67.63484979873077,,,0.0,-1,-1,0,80,delayed
2,842,6,-38.297812886474375,-11.569967945416769,18.995447476704914,1.1606450317873274,34.485887416169554,,,0.0,-1,-1,0,80,delayed
2,1056,7,32.20278852459476,39.55365589686802,17.574490683419363,2.012467464870923,59.79582432310774,,,0.0,-1,-1,0,80,delayed
2,1226,6,-29.017620942623115,-24.077542781829834,-2.064581871032715,0.7767203555272367,23.078452068425026,,,0.0,-1,-1,0,80,delayed
2,1270,8,-14.971652069701552,1.8879141807556152,-38.92928925156593,1.920071988691768,57.050506071608446,,,0.0,-1,-1,0,80,delayed
2,1496,6,12.849135096535404,-17.167893409729004,-0.5418651898701986,1.4884871969420777,44.2269604300173,,,0.0,-1,-1,0,80,delayed
2,1664,12,-22.952830445764572,-13.18883991241455,-16.03325593471527,2.271680843414924,67.4977513933227,,,0.0,-1,-1,0,80,delayed
2,1684,9,-18.80355719781156,-21.47410747740004,-20.096250534057617,1.0499601061058002,31.19714039948509,,,0.0,-1,-1,0,80,delayed
2,1738,7,13.306582882754688,-1.361870356968473,10.074842180524554,2.090058913833015,62.10127508546836,,,0.0,-1,-1,0,80,delayed
2,1786,12,-18.201640601216937,-8.574708859125773,1.6827983856201172,3.9102427298139992,116.18383472731757,,,0.0,-1,-1,0,80,delayed
2,2104,11,-6.542575435432965,12.803175059231846,20.954597906632856,2.9577861839037967,87.88378750230898,,,0.0,-1,-1,0,80,delayed
3,31,126,22.371296933461313,26.104295213071126,-8.227141285699512,51.64765282058942,1534.5907591896914,,,0.0,-1,-1,0,80,delayed
3,435,9,-55.560267241097065,5.394700368245442,-28.89356761508518,2.1315281030090536,63.333436297550946,,,0.0,-1,-1,0,80,delayed
3,519,14,12.103129519591022,-29.345557485307967,16.74572597231184,5.887008846754823,174.91887592414346,,,0.0,-1,-1,0,80,delayed
3,569,7,-30.43637648791989,-15.439820630209786,-11.563401085989815,1.1461498370095682,34.05519616993085,,,0.0,-1,-1,0,80,delayed
3,767,10,-16.422368479120365,49.33933525085449,43.80904922485352,2.8268704288771414,83.99392810067984,,,0.0,-1,-1,0,80,delayed
3,1197,7,-30.33071944903319,-8.87987654549735,13.069230488368444,1.6797899426459444,49.91107983781615,,,0.0,-1,-1,0,80,delayed
3,1259,9,-35.06836160384091,-10.801716168721518,-2.361230638292101,2.256109778471052,67.03509314907268,,,0.0,-1,-1,0,80,delayed
3,1413,6,13.46515964297312,3.168462594350179,27.515570004781086,2.296303475615048,68.2293560602859,,,0.0,-1,-1,0,80,delayed
3,1429,10,-53.54447990696358,-36.82714080810547,4.220613479614258,2.3223739570368545,69.00398022406942,,,0.0,-1,-1,0,80,delayed
3,1641,7,-18.22777340424833,-16.049495969499862,1.9827923093523299,1.6106164998016932,47.8557506917101,,,0.0,-1,-1,0,80,delayed
3,1781,8,-5.648104546922777,-5.0990986824035645,1.8844492435455322,1.1227622873552094,33.36028912924998,,,0.0,-1,-1,0,80,delayed
3,1863,7,-39.652024186408575,-19.735258102416992,-10.775574275425502,0.5575653005158769,16.566765595113132,,,0.0,-1,-1,0,80,delayed
3,1885,9,-26.449056456745506,10.438375473022461,-8.52572250366211,1.4607947815867846,43.404144244129874,,,0.0,-1,-1,0,80,delayed
3,1919,8,-2.698004694840746,-18.0997269153595,7.636051416397095,2.303095278015175,68.43115878765636,,,0.0,-1,-1,0,80,delayed
3,1945,10,-27.468151246658056,-16.66906852722168,6.452475929260254,2.708213566867028,80.46831340164019,,,0.0,-1,-1,0,80,delayed
3,2041,9,-24.562010386827566,-15.195686340332031,-18.134822209676106,0.8480516205828385,25.19789591955004,,,0.0,-1,-1,0,80,delayed
3,2245,8,-20.301717848884394,10.624280452728271,17.86889147758484,1.2190401092026264,36.22096231870144,,,0.0,-1,-1,0,80,delayed
3,2359,9,-26.741739411807128,7.92269680235121,7.407003720601399,2.730372137381988,81.12670416466737,,,0.0,-1,-1,0,80,delayed
3,2481,10,-23.350661160226572,-17.86624813079834,5.195210266113281,1.0767929311684228,31.994415844452423,,,0.0,-1,-1,0,80,delayed
3,2787,6,-32.50666673264882,25.00591278076172,7.2037779490153,1.3334083676373678,39.61915106404953,,,0.0,-1,-1,0,80,delayed
3,3025,6,-19.121803010593435,-5.039056162039437,-27.05831511815389,1.8934619095779792,56.25984900823367,,,0.0,-1,-1,0,80,delayed
3,3055,8,-12.645809278654863,23.701114892959595,-19.22334098815918,2.066247194822786,61.393764831702256,,,0.0,-1,-1,0,80,delayed
3,3411,6,2.340193227164351,-4.512518564860026,11.337560653686523,1.463006575279035,43.46986258709411,,,0.0,-1,-1,0,80,delayed
3,3565,9,-11.195870033759583,25.707962459988064,0.38748402065700954,2.1436664541541233,63.69409937673734,,,0.0,-1,-1,0,80,delayed
3,3751,7,-17.753740573773307,10.194240842546735,-12.272048677716937,1.3165612627382794,39.11857823865805,,,0.0,-1,-1,0,80,delayed
3,3859,9,-27.63344755470986,4.1137674119737415,-24.602189540863037,1.6871302827880994,50.12918109772413,,,0.0,-1,-1,0,80,delayed
3,3879,6,-23.35280064656158,40.437156677246094,19.511276245117188,1.3604071859416422,40.421358614946485,,,0.0,-1,-1,0,80,delayed
3,4111,7,-33.22788768528682,33.32626152038574,-0.7488681248256128,1.4083216919720023,41.84502753637358,,,0.0,-1,-1,0,80,delayed
3,4133,6,-33.0730088055543,1.5980881055196126,-8.941900650660196,0.8366764776048179,24.859909808948444,,,0.0,-1,-1,0,80,delayed
3,4145,7,-17.49459698315021,30.55105209350586,26.00700787135533,2.06281229498621,61.29170471357332,,,0.0,-1,-1,0,80,delayed
3,4169,10,-30.76132162589895,11.522858047485352,-4.562360644340515,1.9146538895395655,56.889519764636745,,,0.0,-1,-1,0,80,delayed
3,4281,8,-21.403957844569568,-19.15280169248581,29.7841637134552,2.4952475935850167,74.14052120253125,,,0.0,-1,-1,0,80,delayed
3,4311,11,-15.043475566478143,24.98659831827337,21.70695859735662,2.4729537483450343,73.47811106337303,,,0.0,-1,-1,0,80,delayed
3,4465,6,-29.35240266706549,-2.697349230448405,-15.582192738850912,0.8749220300120075,25.99628809719431,,,0.0,-1,-1,0,80,delayed
3,4505,9,-14.046740163657311,12.898630142211914,7.271520614624023,1.7606586416176384,52.31390651767993,,,0.0,-1,-1,0,80,delayed
3,4681,6,-6.023030321997223,-21.34324248631795,-17.147948900858562,1.3564131642899053,40.30268548298344,,,0.0,-1,-1,0,80,delayed
3,4733,8,-1.3442673793032123,4.939753532409668,21.90342152118683,1.8971521243053695,56.369495218870796,,,0.0,-1,-1,0,80,delayed
3,4815,6,-46.89597991620381,-34.97779337565104,-5.944332122802734,0.5575764458690697,16.567096753550803,,,0.0,-1,-1,0,80,delayed
3,4821,8,-4.500654325374384,18.62280011177063,-38.14987587928772,2.095195064506869,62.25388394437009,,,0.0,-1,-1,0,80,delayed
3,4863,9,-14.722306008929767,8.224454243977865,-11.299071258968777,1.7194198379996835,51.08859068054042,,,0.0,-1,-1,0,80,delayed
3,4901,6,-51.26759896316963,26.465437253316242,16.330429395039875,1.5255005214647306,45.32672591164841,,,0.0,-1,-1,0,80,delayed
3,5105,8,6.594955452595649,-7.271066904067993,0.8625514507293701,2.587248587814464,76.87411833367698,,,0.0,-1,-1,0,80,delayed
3,5627,6,5.610140133964001,-22.414793809254963,0.13247251510620353,1.3504494245337864,40.12548672524428,,,0.0,-1,-1,0,80,delayed
3,5733,6,19.17819733320783,-19.213999430338543,-24.476434071858723,1.4835298329947442,44.079663805910386,,,0.0,-1,-1,0,80,delayed
3,5741,8,-20.390864409703582,21.820129871368408,0.6685634851455688,2.3504845705505666,69.83922220269615,,,0.0,-1,-1,0,80,delayed
3,5923,6,-23.624670865337844,-17.648242870966595,-18.727561314900715,0.640974604521707,19.04508048780393,,,0.0,-1,-1,0,80,delayed
3,5953,6,0.7889735653377675,-19.14933681488037,14.944803873697916,1.1758791898486172,34.93853525025604,,,0.0,-1,-1,0,80,delayed
3,5983,6,-13.144877363993237,10.33676274617513,22.77673276265462,1.271406588753329,37.77691135454548,,,0.0,-1,-1,0,80,delayed
3,6323,7,-3.063452582188272,-15.289381844656807,3.9214066096714566,2.4610810471503104,73.12534115912713,,,0.0,-1,-1,0,80,delayed
3,6351,7,-16.426404367182176,15.661521707262311,6.914356776646206,1.5466290023202531,45.95450993872187,,,0.0,-1,-1,0,80,delayed
3,6591,6,-4.676215431903743,1.6119441986083984,15.012614568074545,0.9799940756750529,29.118261343176698,,,0.0,-1,-1,0,80,delayed
4,40,12,-15.617413127599614,-17.81682761510213,-3.1107285022735596,3.3539045446575937,99.6535300319407,,,0.0,-1,-1,0,80,delayed
4,168,7,-20.107367661749343,3.0681701557976857,-26.23662785121373,2.5988691967845123,77.21939789949847,,,0.0,-1,-1,0,80,delayed
4,204,12,-10.971537125400994,-7.239890098571777,14.25891908009847,2.6968614102715587,80.13101027832505,,,0.0,-1,-1,0,80,delayed
4,488,6,-21.384834367786993,5.9350941975911455,-0.9852648973464966,1.448419778551409,43.03644960040618,,,0.0,-1,-1,0,80,delayed
4,576,7,-17.301728169616236,37.40791647774832,6.918315614972796,1.4313532196987686,42.529356207461355,,,0.0,-1,-1,0,80,delayed
4,778,9,-32.79260985037856,-16.378087361653645,9.568579567803276,2.3702687064171633,70.4270621222545,,,0.0,-1,-1,0,80,delayed
4,818,8,-46.32546611760099,6.342698931694031,-35.361305713653564,2.185281609923449,64.93059764913102,,,0.0,-1,-1,0,80,delayed
4,1044,7,-23.88976832376216,51.683812277657644,26.211612156459264,1.4265357296874774,42.38621561442227,,,0.0,-1,-1,0,80,delayed
4,1176,6,-44.33546258141379,-5.237661679585774,43.32869863510132,2.178954723043063,64.74260881303023,,,0.0,-1,-1,0,80,delayed
4,1204,10,-13.01661222164368,-2.1560317993164064,-4.096790599822998,1.8343600041276158,54.503772342568155,,,0.0,-1,-1,0,80,delayed
4,1214,8,-46.20239494153602,-5.819624423980713,-38.98707604408264,0.8899467323049586,26.4427124367172,,,0.0,-1,-1,0,80,delayed
4,1280,8,-16.51756152048653,-10.108134746551514,12.220109105110168,2.606441429362474,77.44438930774196,,,0.0,-1,-1,0,80,delayed
4,1302,6,-35.54572125382584,-22.24389902750651,-29.132134437561035,0.8096822760478998,24.05783943404002,,,0.0,-1,-1,0,80,delayed
4,1732,7,-23.032309337819918,-15.843631948743548,-3.8856002943856365,1.554801725117648,46.19734352742082,,,0.0,-1,-1,0,80,delayed
4,1782,7,-12.07156145799689,16.437472343444824,9.87563589641026,1.7911458654217336,53.219763983954984,,,0.0,-1,-1,0,80,delayed
4,1808,7,-11.909738358360995,33.56379726954869,15.804849897112165,2.435338072333069,72.3604480979493,,,0.0,-1,-1,0,80,delayed
4,1912,6,-32.57898039115579,-17.09861159324646,-3.4455881118774414,1.2117581667713013,36.004596211941845,,,0.0,-1,-1,0,80,delayed
4,1944,6,-33.57501948236358,-2.438699722290039,-26.17613347371419,0.8725188971914735,25.92488455379792,,,0.0,-1,-1,0,80,delayed
4,2044,6,8.675328899700233,32.894737243652344,-13.348186810811361,1.7971594676597462,53.398444290220866,,,0.0,-1,-1,0,80,delayed
4,2126,7,-7.756236842009057,-25.178784915379115,-11.341700417654854,0.6315869205213964,18.76614713206919,,,0.0,-1,-1,0,80,delayed
4,2206,6,-20.159098565734435,-5.468599160512288,-38.29573408762614,1.2601738423496613,37.44315622938484,,,0.0,-1,-1,0,80,delayed
4,2394,9,-17.681911551408117,5.68722136815389,-3.861766232384576,2.0159279798258676,59.89864553533867,,,0.0,-1,-1,0,80,delayed
4,2732,14,-22.83084578332012,-9.376721620559692,1.7953741891043526,4.193931677246507,124.61299681773158,,,0.0,-1,-1,0,80,delayed
4,2930,7,-16.360671304472948,-17.14611898149763,9.246165820530482,1.0362105254619436,30.78860335575742,,,0.0,-1,-1,0,80,delayed
4,2938,8,-22.823813851993698,-15.657561779022217,-5.2307350635528564,1.1686084962836516,34.72250337758888,,,0.0,-1,-1,0,80,delayed
4,3500,6,-13.558684596024746,-2.808198928833008,-11.46226723988851,1.7145462973978505,50.943784673613266,,,0.0,-1,-1,0,80,delayed
4,3788,7,8.50126091147029,3.4521868569510326,-18.386071750095912,3.522170915233428,104.65317673931484,,,0.0,-1,-1,0,80,delayed
4,3936,8,-33.57288299809389,14.323898673057556,-15.50860846042633,2.8477700156806978,84.61491106947092,,,0.0,-1,-1,0,80,delayed
4,4002,6,-9.069992367034272,8.341463724772135,-8.932663281758627,1.2522703939046904,37.20832350636611,,,0.0,-1,-1,0,80,delayed
4,4222,8,-42.11148545601566,-39.31364440917969,-7.729426980018616,2.1040540638899294,62.51710865733307,,,0.0,-1,-1,0,80,delayed
4,4286,12,-18.147035177670144,-2.004537264506022,43.45802414417267,3.05219590096967,90.68895427126705,,,0.0,-1,-1,0,80,delayed
4,4434,8,11.114911542694973,-13.856249392032623,15.136849403381348,1.4591488336497402,43.3552387013539,,,0.0,-1,-1,0,80,delayed
4,4458,11,-5.502019447638258,-3.920058639212088,9.876240383494984,3.248828685132048,96.53144346583956,,,0.0,-1,-1,0,80,delayed
4,4470,7,-5.566171785692087,-34.553528376988005,-38.85247107914516,2.0361331363420394,60.49899511144445,,,0.0,-1,-1,0,80,delayed
4,4632,6,-31.48100597660454,-24.373143513997395,12.076560020446777,0.6942032479951551,20.626646734043728,,,0.0,-1,-1,0,80,delayed
4,4786,7,-0.8589176097400179,7.7594998053142,27.04028947012765,2.397174341688292,71.22650095446299,,,0.0,-1,-1,0,80,delayed
4,4852,10,-4.014004653177471,-2.6742562532424925,-26.149639463424684,1.8476979607888155,54.90007893001081,,,0.0,-1,-1,0,80,delayed
4,5078,8,-30.459146766591047,5.885442733764648,-18.49935221672058,1.6919283452520386,50.271744446048075,,,0.0,-1,-1,0,80,delayed
4,5096,11,11.646409977676694,-12.324504158713601,-10.441371050747959,2.773974713821097,82.42225405369629,,,0.0,-1,-1,0,80,delayed
4,5110,8,28.40966700092875,36.24795055389404,-32.05895006656647,2.610105606022853,77.55326185733466,,,0.0,-1,-1,0,80,delayed
4,5400,8,28.5544243716256,-31.481399059295654,-9.582700252532959,2.4871303575574037,73.89933627508822,,,0.0,-1,-1,0,80,delayed
4,5470,14,14.359594263138789,-9.356927565165929,-16.213968685695104,4.997362330913017,148.4850837264874,,,0.0,-1,-1,0,80,delayed
4,5760,6,-29.010435796730917,15.957781155904135,0.013855616251627604,1.5324057752801976,45.53189958588847,,,0.0,-1,-1,0,80,delayed
4,5790,10,10.872648494598304,-12.018911170959473,21.72206344604492,2.995126853656106,88.99327929166293,,,0.0,-1,-1,0,80,delayed
4,5870,7,3.7320235996550966,-22.32835623196193,3.050442559378488,1.212857927889413,36.03727307443222,,,0.0,-1,-1,0,80,delayed
4,5942,7,-1.0596144932108413,-14.121498107910156,-28.05773435320173,2.124957461269944,63.138204848605724,,,0.0,-1,-1,0,80,delayed
4,5954,7,-31.59647820274123,-17.894357136317662,8.021596091134208,2.300775186926696,68.36222263760077,,,0.0,-1,-1,0,80,delayed
4,6132,7,3.4880584961407193,-11.49672828401838,-5.830871173313686,2.1642240930857257,64.30492215400436,,,0.0,-1,-1,0,80,delayed
4,6444,7,-15.614152626321458,-8.89967155456543,-35.74867166791643,1.4635053812273933,43.48468345420376,,,0.0,-1,-1,0,80,delayed
5,522,6,-8.858522376888688,26.13750680287679,0.1878976821899414,1.0859937911200535,32.267798154920975,,,0.0,-1,-1,0,80,delayed
5,808,14,-24.962109846996093,-14.226409299033028,25.419738667351858,4.788739394802201,142.28633484969333,,,0.0,-1,-1,0,80,delayed
5,1116,8,-30.722916398754023,4.8670075088739395,-0.2714546322822571,2.836496402057154,84.2799416692261,,,0.0,-1,-1,0,80,delayed
5,1304,7,-20.336965644115047,25.194621222359793,31.03088923863002,1.9674575097610356,58.45845742623995,,,0.0,-1,-1,0,80,delayed
5,1366,8,-38.243814290999154,-1.2089574337005615,-20.749889612197876,1.8471549315536462,54.88394407003652,,,0.0,-1,-1,0,80,delayed
5,1384,6,-8.176970759576902,-27.541605949401855,16.02873929341634,0.8340030126303019,24.780473969740783,,,0.0,-1,-1,0,80,delayed
5,1612,8,-1.6942351966862326,-9.744407653808594,-8.281470537185669,2.306700955559248,68.53829317107107,,,0.0,-1,-1,0,80,delayed
5,1676,10,-12.589480361293052,38.97485980987549,14.274831962585449,1.963245129217704,58.333296263961344,,,0.0,-1,-1,0,80,delayed
5,1742,8,-32.84247209581157,27.45962405204773,1.6997513771057111,1.9217899966319774,57.10155271100594,,,0.0,-1,-1,0,80,delayed
5,2032,9,-30.167016904073712,0.6127546098497179,13.553019841512045,2.114189344243002,62.81825511263573,,,0.0,-1,-1,0,80,delayed
5,2054,6,-29.481862575776464,-24.904298782348633,-33.49223486582438,0.32671992553849827,9.707728254683582,,,0.0,-1,-1,0,80,delayed
5,2138,10,-24.563609112089985,-18.345674324035645,-20.340093040466307,2.7265239362859455,81.0123637538455,,,0.0,-1,-1,0,80,delayed
5,2314,6,-2.3046116408353066,-17.1309428413709,34.07881450653076,2.074514642254088,61.639412944197026,,,0.0,-1,-1,0,80,delayed
5,2390,8,-5.285210525927145,-20.06731367111206,13.545742154121399,1.69840250238301,50.46410907762665,,,0.0,-1,-1,0,80,delayed
5,3040,9,1.062685584281586,-3.587228880988226,-13.30766815609402,1.8749085911361167,55.708579986733525,,,0.0,-1,-1,0,80,delayed
5,3058,7,-0.24001233517825935,5.688980783735003,-9.03364508492606,1.658117980352926,49.26714751462032,,,0.0,-1,-1,0,80,delayed
5,3090,8,25.389367380144943,-44.118300437927246,36.14875030517578,3.883342921322081,115.3845690244004,,,0.0,-1,-1,0,80,delayed
5,3102,6,-9.107641483210493,27.09358819325765,10.593940416971842,1.3610347601047676,40.44000553225721,,,0.0,-1,-1,0,80,delayed
5,3302,6,-11.158285806260176,-22.313180605570476,-24.390148480733234,1.1123028132684003,33.04951000564956,,,0.0,-1,-1,0,80,delayed
5,3604,6,4.08818876764358,-4.48942502339681,-17.54054069519043,2.7156009502070932,80.68781244156048,,,0.0,-1,-1,0,80,delayed
5,3634,8,-19.144678663626784,-6.075964689254761,25.202312469482422,2.0864910010971407,61.99526279613765,,,0.0,-1,-1,0,80,delayed
5,3640,8,-38.520544018471476,-8.854143023490906,-10.13474440574646,1.1608694567002447,34.49255568430347,,,0.0,-1,-1,0,80,delayed
5,3672,8,-11.83926796477575,1.738959789276123,24.91133064031601,1.9872195263001182,59.04564012105044,,,0.0,-1,-1,0,80,delayed
5,3768,6,-11.90063621046192,0.08313735326131066,6.510966618855794,1.939014765230625,57.613346941277875,,,0.0,-1,-1,0,80,delayed
5,3778,9,-16.865681243911954,-18.662828233506943,-19.691899405585396,1.7187822625702833,51.06964659869331,,,0.0,-1,-1,0,80,delayed
5,3902,14,-16.32074732829547,-15.548692294529506,15.825993503843035,3.34727305593462,99.45649065535379,,,0.0,-1,-1,0,80,delayed
5,3926,7,2.299094415792186,31.600167955671036,-11.30211067199707,1.8820501203998943,55.92077404040613,,,0.0,-1,-1,0,80,delayed
5,4108,6,-10.958136021701149,53.92852465311686,32.530062675476074,1.6367868866620985,48.63334331493936,,,0.0,-1,-1,0,80,delayed
5,4164,6,-26.320014806041666,-2.064579963684082,-2.5371652046839395,0.6120833462707274,18.18664345316599,,,0.0,-1,-1,0,80,delayed
5,4246,6,0.8062085034879161,12.193499565124512,20.136278947194416,2.221749006583841,66.01414214477617,,,0.0,-1,-1,0,80,delayed
5,4284,6,-35.70929766950679,-9.611618041992188,-25.109203338623047,0.8901993024554947,26.450216975605088,,,0.0,-1,-1,0,80,delayed
5,4422,11,-6.96399933484584,2.4739714535799893,19.207794666290283,2.4485420987608424,72.75277525772451,,,0.0,-1,-1,0,80,delayed
5,4542,7,-24.301134775643856,-8.436475958142962,-28.691163744245255,0.9979505513732135,29.651796560541435,,,0.0,-1,-1,0,80,delayed
5,4592,8,38.802217687145635,-1.4964741468429565,29.836125135421753,1.382845224334261,41.08805312072138,,,0.0,-1,-1,0,80,delayed
5,4644,8,-19.52878006934027,5.119884490966797,-6.167135059833527,1.3009038068951018,38.65335308829494,,,0.0,-1,-1,0,80,delayed
5,4710,6,18.518330307250732,6.8727006912231445,-21.36486752827962,1.284095324398095,38.1539278384097,,,0.0,-1,-1,0,80,delayed
5,4760,6,-16.273525670756353,-16.484318415323894,26.882801691691082,1.6018743619007416,47.59599824787756,,,0.0,-1,-1,0,80,delayed
5,4952,6,-20.791884753512267,38.192443211873375,17.943843682607014,1.9182756271927472,56.99713133711397,,,0.0,-1,-1,0,80,delayed
5,5204,10,-7.863263609249643,-7.443576812744141,-2.7703678131103517,3.0037856626727026,89.25055581008701,,,0.0,-1,-1,0,80,delayed
5,5932,10,-45.22165000445169,-6.695339488983154,-32.56886096000672,2.2530632879909884,66.94457371821096,,,0.0,-1,-1,0,80,delayed
5,6030,8,-28.003349346587907,7.4269514083862305,-38.04485058784485,1.7996991726109186,53.473905759160715,,,0.0,-1,-1,0,80,delayed
5,6138,8,-14.265165792435223,0.9941860437393188,-6.715713977813721,2.1766268385106073,64.67344109878044,,,0.0,-1,-1,0,80,delayed
5,6688,7,-18.597238121546898,-15.926769256591797,-5.503541673932757,0.6469733797372342,19.223320243329365,,,0.0,-1,-1,0,80,delayed
5,6722,9,-29.403656022156692,-11.063445727030436,-10.688415103488499,3.592452404530683,106.74142892750838,,,0.0,-1,-1,0,80,delayed
5,6796,7,-13.763801089080433,-14.390705244881767,20.591194561549596,1.3503209034861665,40.12166801904432,,,0.0,-1,-1,0,80,delayed
5,6838,11,-22.48244392749987,-18.48675606467507,-7.857352863658559,1.243104552425115,36.93598168894385,,,0.0,-1,-1,0,80,delayed
6,316,7,-8.506227887256467,-25.052100045340403,-43.72321537562779,1.8140027398213512,53.898903234667074,,,0.0,-1,-1,0,80,delayed
6,352,6,-37.062749670131694,20.322500546773274,-5.79044246673584,1.0059306714268876,29.888907403392956,,,0.0,-1,-1,0,80,delayed
6,788,6,-13.114737213417754,-27.04739983876546,-22.333333492279053,2.2804033282658156,67.75691989214779,,,0.0,-1,-1,0,80,delayed
6,1180,8,-14.577127917757299,15.570961236953735,-1.3070554435253143,1.2385069372233053,36.79937416822037,,,0.0,-1,-1,0,80,delayed
6,1346,7,-3.6678238790038233,-15.036010469709124,-16.392032350812638,1.0153501619623642,30.168785816885052,,,0.0,-1,-1,0,80,delayed
6,1866,8,-14.657604433167002,-19.748620212078094,6.125720024108887,2.040095870989346,60.616738622306436,,,0.0,-1,-1,0,80,delayed
6,1876,6,-22.56700632109974,37.268693923950195,23.852901458740234,1.6920651403888853,50.27580899770614,,,0.0,-1,-1,0,80,delayed
6,2186,6,0.341448384595567,-14.65991242726644,4.452474594116211,2.291119760361466,68.0753339297149,,,0.0,-1,-1,0,80,delayed
6,2228,7,-19.76186239580671,-40.127698625837056,-16.162414823259628,1.3178317602261873,39.15632813817992,0.449297159910202,73.38124084472656,73.38124084472656,2,1,1,80,delayed
6,2616,11,-24.39086488890447,3.328019835732201,10.439653526652943,2.8875258719028514,85.796164548581,,,0.0,-1,-1,0,80,delayed
6,2860,7,3.141336181258012,-15.24583285195487,7.671772548130581,1.182032330027412,35.12136160426634,,,0.0,-1,-1,0,80,delayed
6,3400,11,-23.47605745545102,-13.312076958743008,9.709965272383256,1.7909334114086501,53.213451403471176,,,0.0,-1,-1,0,80,delayed
6,3488,7,-25.90051241356374,-5.863173007965088,17.417394365583146,1.191441243074757,35.40092573211996,,,0.0,-1,-1,0,80,delayed
6,3574,7,-29.14096933097184,-13.092176369258336,-10.633052280970983,0.6661108626742285,19.791946364080278,,,0.0,-1,-1,0,80,delayed
6,3716,11,-22.726200346149042,-13.417888272892345,-10.239825465462424,2.9156077247107013,86.63055196923592,,,0.0,-1,-1,0,80,delayed
6,4070,6,-17.300178209349653,-28.008098761240642,-6.059800465901692,0.4090439106610665,12.153795402548228,,,0.0,-1,-1,0,80,delayed
6,4080,12,-20.779253558767326,-4.260796070098877,-8.620897769927979,1.5141050523784505,44.98813585766894,,,0.0,-1,-1,0,80,delayed
6,4186,7,-19.28782956533168,-3.163182939801897,3.0081544603620256,1.411796584792528,41.948275953684565,,,0.0,-1,-1,0,80,delayed
6,4294,20,-36.522785509837284,27.779010009765624,-42.471860027313234,7.76083966558249,230.59543239509773,,,0.0,-1,-1,0,80,delayed
6,4324,7,-45.740261156915395,52.09158270699637,41.069471631731304,2.0426026648553903,60.69122221433699,,,0.0,-1,-1,0,80,delayed
6,4408,6,16.01050956946018,3.8428004582722983,0.1555668512980143,1.346032576662149,39.99425028838031,,,0.0,-1,-1,0,80,delayed
6,4420,7,-45.85156841431848,-21.215897696358816,-20.282399586268834,0.9280848413809473,27.575898294442165,,,0.0,-1,-1,0,80,delayed
6,4614,9,-2.769697140808269,-5.043674363030329,14.010835223727756,1.8385938218339608,54.62957046065147,,,0.0,-1,-1,0,80,delayed
6,5794,7,-11.99208045525428,32.26922716413225,8.8581908089774,1.6698723995436564,49.616402942207664,,,0.0,-1,-1,0,80,delayed
6,6186,7,-35.78826755823008,-29.739470618111746,-30.04115813119071,0.6153482353910146,18.28365209538205,,,0.0,-1,-1,0,80,delayed
6,6374,6,-12.669992714292192,20.604243834813435,31.9449520111084,1.5768778448346426,46.85328445534929,,,0.0,-1,-1,0,80,delayed
6,6482,13,-22.941162925717226,-6.957969372089092,3.802762985229492,3.003913148981266,89.25434377140495,,,0.0,-1,-1,0,80,delayed
7,156,7,-25.741311581696028,-41.71127101353237,-36.635471888950896,2.5522393671979824,75.83390017253204,,,0.0,-1,-1,0,80,delayed
7,196,8,-16.51916822178497,10.031925678253174,-10.320700407028198,2.147326924571951,63.80286180388962,,,0.0,-1,-1,0,80,delayed
7,788,9,-14.081054412057204,13.927071889241537,-0.8688157399495443,1.7182000137981326,51.0523464207279,,,0.0,-1,-1,0,80,delayed
7,796,8,-27.316485914957312,-11.19584971666336,-29.343125224113464,2.494623742097045,74.12198489591779,,,0.0,-1,-1,0,80,delayed
7,998,8,-22.072917239688984,34.44663763046265,8.581739902496338,3.6457159023033094,108.32403078877651,,,0.0,-1,-1,0,80,delayed
7,1200,23,-30.73944287141655,-23.545985553575598,22.96558137561964,8.008151396149922,237.94372947427686,,,0.0,-1,-1,0,80,delayed
7,1264,9,-2.657284278691443,-23.124541295899284,-8.973320325215658,2.978528943925007,88.50011072534512,,,0.0,-1,-1,0,80,delayed
7,1636,6,-20.473067553891443,-8.050479888916016,-15.660710970560709,0.7047528974864037,20.940105211589618,,,0.0,-1,-1,0,80,delayed
7,1670,8,-26.427805330457005,-23.299283504486084,-17.9288849234581,1.6868687000086557,50.12140876937666,,,0.0,-1,-1,0,80,delayed
7,1690,9,-40.49984771534806,-1.8444203270806208,19.52562353346083,1.948927057262984,57.90786781346712,,,0.0,-1,-1,0,80,delayed
7,1714,6,-26.99052484854646,5.91200065612793,-9.302163124084473,2.2546042688168155,66.99036040562571,,,0.0,-1,-1,0,80,delayed
7,1758,7,-12.39616055157903,-8.400846890040807,-24.58701487949916,2.8899361546668865,85.86778053604071,,,0.0,-1,-1,0,80,delayed
7,2080,12,-3.045372425099091,30.049587567647297,14.071124712626139,2.9582138958724653,87.89649597595428,,,0.0,-1,-1,0,80,delayed
7,2100,7,-23.264935270933826,27.391827174595424,10.782230172838483,1.8786920634944653,55.82099713256086,,,0.0,-1,-1,0,80,delayed
7,2624,10,-12.207449948147032,-18.789074772596358,10.429220008850098,1.804515679829206,53.617017150774785,,,0.0,-1,-1,0,80,delayed
7,2840,6,-33.743000362320096,-4.046023686726888,-18.76913070678711,0.7635219078417274,22.686290668095978,,,0.0,-1,-1,0,80,delayed
7,2888,6,-32.585173754498946,-29.58309268951416,-23.798948605855305,0.575275019564197,17.092969008340916,,,0.0,-1,-1,0,80,delayed
7,2898,7,-42.081659910031284,10.174446650913783,0.4942357199532645,0.5546513690863413,16.480184850384784,,,0.0,-1,-1,0,80,delayed
7,2906,8,-17.387927041955084,19.294828295707703,29.447046637535095,2.1324942241479636,63.36214235660806,,,0.0,-1,-1,0,80,delayed
7,3048,6,-18.304079635488506,-3.6949996948242188,18.547428448994953,1.2279616934185673,36.48604659547728,,,0.0,-1,-1,0,80,delayed
7,3340,8,-13.785632210400006,-13.367816686630249,4.465175747871399,1.6759410566948996,49.79671907810909,,,0.0,-1,-1,0,80,delayed
7,3398,9,23.974604935106854,28.128187974294026,14.04568756951226,2.8221050867580217,83.85233696185732,0.44257456064224243,70.46063995361328,70.46063995361328,6,9,1,80,delayed
7,3708,14,7.655888400273641,-21.94434063775199,-18.961377331188746,3.3360032661009242,99.1216348701959,,,0.0,-1,-1,0,80,delayed
7,3918,11,-16.507575078342025,20.177219650962137,0.34302763505415484,2.9105379322834457,86.4799147924236,,,0.0,-1,-1,0,80,delayed
7,4022,6,-51.62501187258675,16.14715067545573,-8.961846351623535,1.4294296823060577,42.472202734910255,,,0.0,-1,-1,0,80,delayed
7,4026,8,-21.062716126509088,17.296064794063568,7.64408278465271,2.3327568225656536,69.31248310124282,,,0.0,-1,-1,0,80,delayed
7,4200,6,-30.349666982672915,7.22372563680013,14.898616472880045,1.5448191568249958,45.90073455841114,,,0.0,-1,-1,0,80,delayed
7,4222,7,-31.86406113624643,-0.12668548311505998,-2.814168248857771,1.8848004006933352,56.002492269464014,,,0.0,-1,-1,0,80,delayed
7,4246,6,-11.724034654875917,34.746857325236,-8.706344604492186,1.6532219993022053,49.1216747415651,,,0.0,-1,-1,0,80,delayed
7,4406,6,-49.9434152580509,-21.698886235555012,-22.51955525080363,0.32675274264683396,9.708703339289462,,,0.0,-1,-1,0,80,delayed
7,4700,6,-22.71874404545514,-4.577180544535319,-10.424519379933676,1.312323721720592,38.992669490974606,,,0.0,-1,-1,0,80,delayed
7,4980,8,-19.58400201491368,22.880133628845215,11.56540048122406,2.484419251613837,73.81878202139087,,,0.0,-1,-1,0,80,delayed
7,5020,6,-14.018995061712564,-10.091968854268393,22.088539759318035,1.924631015854127,57.18596703783191,,,0.0,-1,-1,0,80,delayed
7,5264,7,-37.521153141589004,-27.653115136282786,-29.981774466378347,1.0101314485313113,30.01372379627449,,,0.0,-1,-1,0,80,delayed
7,5356,13,-24.155053156767693,-1.579611558180589,-13.259026747483473,1.78144314845194,52.931470150881864,,,0.0,-1,-1,0,80,delayed
7,5410,7,14.779436042795073,-10.629723140171595,-16.752294744764054,3.2702861221135175,97.1690016646999,,,0.0,-1,-1,0,80,delayed
7,5444,7,-27.016534542381482,36.24003274100168,30.128253391810826,2.500460964953697,74.29542449609217,,,0.0,-1,-1,0,80,delayed
7,5788,6,-24.308484678527254,0.09237527847290039,-11.785579522450766,1.3088959536059943,38.89082127549849,,,0.0,-1,-1,0,80,delayed
7,5876,9,6.729696413069476,-10.897170490688747,-20.565401289198135,2.975465176123088,88.40907793875442,,,0.0,-1,-1,0,80,delayed
7,5896,6,-8.419024647486228,-8.68786851565043,0.1601861317952468,1.908588598755398,56.709303652560656,,,0.0,-1,-1,0,80,delayed
7,6138,8,-17.993237310873006,9.013491094112396,8.533243417739868,1.7453828184999416,51.86002070263882,,,0.0,-1,-1,0,80,delayed
7,6502,10,-39.37363254072235,-8.363631868362427,4.498744630813599,2.2147388675392783,65.80585204811311,,,0.0,-1,-1,0,80,delayed
7,6504,6,12.532903912500762,-0.9607000350952148,1.9952996571858723,0.8479864932101466,25.195960810036926,,,0.0,-1,-1,0,80,delayed
8,506,6,-38.851648305213814,-5.274612029393514,-11.212855021158854,0.8424249344097139,25.030711930838443,,,0.0,-1,-1,0,80,delayed
8,566,10,19.83949419579726,27.136080169677733,39.121860122680665,4.435441018991787,131.7888893096464,,,0.0,-1,-1,0,80,delayed
8,786,7,-23.56557491316004,10.855382101876396,-16.114907809666224,1.7195849718492089,51.09349725161715,,,0.0,-1,-1,0,80,delayed
8,996,6,-10.764892752254744,-3.177699406941732,-40.520500342051186,1.6945537600597746,50.34975258548833,,,0.0,-1,-1,0,80,delayed
8,1318,9,-37.57301816473186,26.376141442192925,28.463464101155598,3.6065356659979773,107.15988052650044,,,0.0,-1,-1,0,80,delayed
8,1336,8,-3.4519396283543937,30.17544937133789,-7.241148948669434,2.5370354740617227,75.38215159081699,,,0.0,-1,-1,0,80,delayed
8,1412,7,0.5947042483481246,19.28790065220424,-3.9372431891305086,2.5128195439128778,74.66263113631172,,,0.0,-1,-1,0,80,delayed
8,1432,7,-36.0064623085804,-31.323042188371932,-29.97781481061663,1.8598023053042405,55.25973158071198,,,0.0,-1,-1,0,80,delayed
8,1478,9,-33.93072130666329,-5.019041379292806,14.16577402750651,1.5519719502848852,46.11326330166439,,,0.0,-1,-1,0,80,delayed
8,1586,13,-36.55169744980504,13.084563695467436,2.6209151561443624,3.4248624269980694,101.76187967775371,,,0.0,-1,-1,0,80,delayed
8,1684,8,-1.2529162797966507,34.63023281097412,3.5911300778388973,3.2903379176483116,97.76479447332467,,,0.0,-1,-1,0,80,delayed
8,1760,6,-24.974943626086816,-28.294461488723755,-18.916930039723713,0.8132069282097233,24.16256633529304,,,0.0,-1,-1,0,80,delayed
8,1774,8,-36.24330474710446,5.092172145843506,-7.75950026512146,2.006748842227333,59.62590865443968,,,0.0,-1,-1,0,80,delayed
8,1840,13,-19.469329703680028,8.970323058275076,-32.03472731663631,4.677430079959153,138.97903555066728,,,0.0,-1,-1,0,80,delayed
8,1862,8,-25.855731893786142,-6.917731607332826,-18.583593130111694,1.1831517889800143,35.154623742430154,,,0.0,-1,-1,0,80,delayed
8,1942,7,-20.739854019746954,3.432391575404576,22.643179757254465,1.0091816356531529,29.985502299533024,,,0.0,-1,-1,0,80,delayed
8,2142,7,-15.341563983662386,-3.3611296926225935,-0.0877279554094587,1.1550999695507989,34.32112869428014,,,0.0,-1,-1,0,80,delayed
8,2260,6,-41.24366627430832,4.512519200642903,-32.2959779103597,0.7523490574743851,22.354315215366444,,,0.0,-1,-1,0,80,delayed
8,2408,7,-36.69402580161698,3.808490208217076,-23.20139013017927,0.5518500079034107,16.396948870631523,,,0.0,-1,-1,0,80,delayed
8,3020,8,-15.989689445769375,26.99197518825531,4.3982561230659485,6.829824530624766,202.93246719249896,,,0.0,-1,-1,0,80,delayed
8,3082,11,3.911872453054508,4.937864260240034,-13.388973192735152,4.232102991406616,125.7471692878671,,,0.0,-1,-1,0,80,delayed
8,3324,10,-12.432549748130786,-13.845164668560027,-16.304269981384277,2.654121343068018,78.86108785986515,,,0.0,-1,-1,0,80,delayed
8,3614,6,-34.818463519376316,-13.334330399831137,10.21058432261149,1.015131821500199,30.162298334157427,,,0.0,-1,-1,0,80,delayed
8,3710,9,-45.89794647232752,-4.738837507035997,29.895276811387802,2.575115397951419,76.51360861006955,,,0.0,-1,-1,0,80,delayed
8,3912,8,-24.85824801113418,-0.7135963439941406,-1.0611072778701782,1.6066128890468805,47.736792641688524,,,0.0,-1,-1,0,80,delayed
8,3954,7,-18.35777024922376,-6.488683700561523,1.3124723775046212,1.456546412398947,43.27791376237054,,,0.0,-1,-1,0,80,delayed
8,4274,13,-12.083676468478567,-24.052317986121544,7.496373763451209,3.3807334479765823,100.45068895135049,0.4997245967388153,87.88997650146484,87.88997650146484,5,6,1,80,delayed
8,4554,14,-9.64500508261368,39.563552720206125,1.8812097140720911,4.112097993727209,122.18149784999716,,,0.0,-1,-1,0,80,delayed
8,5302,10,-16.79079306792416,-2.8737862586975096,-44.095371341705324,2.4390370054468145,72.47035335530788,,,0.0,-1,-1,0,80,delayed
8,5520,8,25.138314978509896,-17.957699060440063,-17.698050022125244,3.09725219698431,92.02769808112743,,,0.0,-1,-1,0,80,delayed
8,5706,7,1.0537974180969212,-43.172115325927734,8.160158566066197,1.8754515580564135,55.72471299516525,,,0.0,-1,-1,0,80,delayed
8,6166,7,-47.22526485331629,-21.2475688798087,-25.71404893057687,1.1740455942679655,34.88405419099216,,,0.0,-1,-1,0,80,delayed
8,6690,6,-24.29963056104717,-20.691999157269795,-12.173555056254068,0.9975796109955481,29.640774923648216,,,0.0,-1,-1,0,80,delayed
8,6838,6,-34.271220022239326,-31.181180000305176,-23.207749048868816,0.3320272203402564,9.865422266207503,,,0.0,-1,-1,0,80,delayed
8,6840,7,-0.4262393025177969,16.750227246965682,19.047212600708008,1.7216449269440026,51.15470406122373,,,0.0,-1,-1,0,80,delayed
8,6930,6,-45.06005956172638,-9.800986766815186,-21.84521770477295,1.4112918087497335,41.93327769900252,,,0.0,-1,-1,0,80,delayed
9,160,8,-32.91764969741192,-29.38910549879074,-13.030700623989105,1.8026046722540332,53.560235972822916,,,0.0,-1,-1,0,80,delayed
9,230,6,-24.057501934587105,-1.3856244881947841,-23.461779594421387,1.5697966937636147,46.642884400272756,,,0.0,-1,-1,0,80,delayed
9,470,8,-14.198714290157426,-3.325499475002289,-16.694576025009155,0.9880431186400074,29.357420071207336,,,0.0,-1,-1,0,80,delayed
9,484,7,-18.501792593982742,15.64964498792376,7.75886903490339,1.3113168740328016,38.96275333654718,,,0.0,-1,-1,0,80,delayed
9,550,7,-1.7915991936161253,-6.872699533190046,-18.449414457593644,2.2162086406475168,65.84952296260451,,,0.0,-1,-1,0,80,delayed
9,614,6,-8.569372031033309,0.29560065269470215,-16.561367352803547,0.9876931179161688,29.347020607782003,,,0.0,-1,-1,0,80,delayed
9,806,7,-20.493202586849474,4.893236705235073,-6.495971952165875,2.423481939359768,72.0081704801502,,,0.0,-1,-1,0,80,delayed
9,1036,9,-31.78440976216406,1.6504334343804254,7.317707697550456,2.6669545307296563,79.24239640189916,,,0.0,-1,-1,0,80,delayed
9,1046,10,-8.415113055033435,-6.06903715133667,-9.8148854970932,1.7760824148818484,52.77218832973662,,,0.0,-1,-1,0,80,delayed
9,1212,10,-31.28100288708408,-16.03445177078247,-14.642403411865235,1.1567307085832736,34.36958233957124,,,0.0,-1,-1,0,80,delayed
9,1268,8,-26.94361406594821,-7.41655695438385,1.9987635612487793,1.8131236393871903,53.872782794937706,,,0.0,-1,-1,0,80,delayed
9,1370,7,-14.698080076629408,-6.979590824672154,-26.443751743861608,1.5180449719570703,45.10520147144045,,,0.0,-1,-1,0,80,delayed
9,1516,8,23.32365806266337,18.56737518310547,21.344449758529663,1.9625500206507254,58.31264271776391,0.5676882266998291,67.97724151611328,67.97724151611328,0,13,1,80,delayed
9,1678,6,-26.068633503842218,-17.46349302927653,-16.832403024037678,1.3871381689349138,41.21560805795655,,,0.0,-1,-1,0,80,delayed
9,1706,9,3.8365697481876513,-12.045699463950264,-10.462656021118164,3.0004388213935025,89.15111214868044,,,0.0,-1,-1,0,80,delayed
9,1736,6,17.690317284928422,5.394700686136882,-8.49073338508606,1.2578968596465252,37.375500945470854,,,0.0,-1,-1,0,80,delayed
9,1802,7,-32.79456486870208,6.734138216291155,-17.394902774265837,1.6551890050051326,49.18011977459442,,,0.0,-1,-1,0,80,delayed
9,1900,6,-24.826061321898795,-20.437968571980793,6.3230686982472735,1.8920909820563618,56.21911506213353,,,0.0,-1,-1,0,80,delayed
9,1996,7,-19.15708541601113,3.2542398316519603,-6.4418072019304535,2.5945535998844056,77.09116990148475,,,0.0,-1,-1,0,80,delayed
9,2014,14,-12.232398426905162,4.33502687726702,-7.158550160271781,4.422287673408149,131.3980680141425,,,0.0,-1,-1,0,80,delayed
9,2122,8,6.803835949576412,14.749978065490723,-6.281603455543518,1.8665959920607824,55.46159029738269,,,0.0,-1,-1,0,80,delayed
9,2208,9,-35.513594462752835,-1.3486744032965765,-18.34826448228624,1.6525298757317652,49.10110988764806,,,0.0,-1,-1,0,80,delayed
9,2440,6,-38.14567660385969,8.332225799560547,-19.110917727152508,1.3245135951257683,39.35486343516519,,,0.0,-1,-1,0,80,delayed
9,2542,9,-24.669633151682927,-4.196903652615018,-5.019532521565755,1.3527240995950682,40.19307344290846,,,0.0,-1,-1,0,80,delayed
9,2860,10,-32.56552495233148,-21.8374493598938,-29.017882919311525,1.4153273376020876,42.05318412159987,,,0.0,-1,-1,0,80,delayed
9,2914,6,-36.53325959688385,-15.990111668904623,5.005253314971924,1.5858454894948866,47.11973731188299,,,0.0,-1,-1,0,80,delayed
9,3068,6,-9.784464816538174,-8.72019894917806,-32.753233909606934,1.092350613498809,32.45667645524056,,,0.0,-1,-1,0,80,delayed
9,3092,6,-6.288632438879574,19.24171257019043,-2.8650968074798584,1.628751034122427,48.394576509941906,,,0.0,-1,-1,0,80,delayed
9,3508,8,-13.408470311491055,11.625394552946092,24.724271774291992,1.933361586326986,57.44537578224561,,,0.0,-1,-1,0,80,delayed
9,3772,6,-23.27079056512697,-1.1962560017903645,-4.854306538899739,0.9478267389133781,28.162483199420862,,,0.0,-1,-1,0,80,delayed
9,3900,8,-14.75378044640051,5.642958402633667,8.011272668838501,2.2335197804076814,66.36388351252671,,,0.0,-1,-1,0,80,delayed
9,4118,6,-14.152032768558755,-9.925692637761435,-26.088377952575684,0.8900779350038035,26.446610821991897,,,0.0,-1,-1,0,80,delayed
9,4152,10,-36.78845285907296,-22.30856137275696,-20.322583770751955,0.7037254224171389,20.909576162146298,,,0.0,-1,-1,0,80,delayed
9,4158,9,9.924425039169828,14.11182067129347,22.554542647467724,1.599183817918628,47.51605494539123,,,0.0,-1,-1,0,80,delayed
9,4284,7,-12.682774694021674,2.3595215933663503,14.925967829568046,0.958014549129208,28.465190458314122,,,0.0,-1,-1,0,80,delayed
9,4360,12,-16.772815629688854,-2.713515599568685,3.3732609351476035,3.656773053261337,108.65256850068566,,,0.0,-1,-1,0,80,delayed
9,4362,10,-7.409587126231808,25.833593022823333,14.902016639709473,2.834627993964503,84.22442623654347,,,0.0,-1,-1,0,80,delayed
9,4566,6,7.349874781252886,20.479537963867188,17.457403818766277,2.026096241157581,60.20077194427496,,,0.0,-1,-1,0,80,delayed
9,4584,6,-25.165646068876015,19.001538038253784,-11.351417541503906,1.4140875504982398,42.01634671023605,,,0.0,-1,-1,0,80,delayed
9,4634,10,-30.078279098492487,-16.79654541015625,0.44440555572509766,1.6505993073284209,49.043747504849215,,,0.0,-1,-1,0,80,delayed
9,5222,7,-16.732861084522305,5.142648696899414,-25.06478418622698,1.5920707712453765,47.304707186135374,,,0.0,-1,-1,0,80,delayed
9,5562,10,-0.6785371480460156,37.755510330200195,22.931334495544434,3.4523587333192958,102.57886893647142,,,0.0,-1,-1,0,80,delayed
9,5600,6,-3.8159947291587777,-3.103799343109131,-11.610067049662272,1.1974846718323475,35.580492264551474,,,0.0,-1,-1,0,80,delayed
9,5884,6,-24.560783024724994,-7.75950026512146,21.86074988047282,2.004935573241808,59.57203155301981,,,0.0,-1,-1,0,80,delayed
9,5908,7,-0.9150836704892148,8.119763333882604,24.930179868425643,2.003672526973811,59.5345030492942,,,0.0,-1,-1,0,80,delayed
9,5928,6,-15.488603200363825,-17.731380303700764,-5.6117814381917315,0.5054474841082734,15.0182050104515,,,0.0,-1,-1,0,80,delayed
9,5932,9,-38.044327154000634,-33.03329849243164,-29.91781234741211,0.458694345287171,13.629043434276747,,,0.0,-1,-1,0,80,delayed
9,6520,8,-24.91650827791652,-5.431649923324585,-8.723612546920776,3.342704586656469,99.32074913845958,,,0.0,-1,-1,0,80,delayed
